-- MySQL dump 10.13  Distrib 5.7.29, for Linux (x86_64)
--
-- Host: localhost    Database: automation
-- ------------------------------------------------------
-- Server version	5.7.29-log

/*!40101 SET @OLD_CHARACTER_SET_CLIENT=@@CHARACTER_SET_CLIENT */;
/*!40101 SET @OLD_CHARACTER_SET_RESULTS=@@CHARACTER_SET_RESULTS */;
/*!40101 SET @OLD_COLLATION_CONNECTION=@@COLLATION_CONNECTION */;
/*!40101 SET NAMES utf8 */;
/*!40103 SET @OLD_TIME_ZONE=@@TIME_ZONE */;
/*!40103 SET TIME_ZONE='+00:00' */;
/*!40014 SET @OLD_UNIQUE_CHECKS=@@UNIQUE_CHECKS, UNIQUE_CHECKS=0 */;
/*!40014 SET @OLD_FOREIGN_KEY_CHECKS=@@FOREIGN_KEY_CHECKS, FOREIGN_KEY_CHECKS=0 */;
/*!40101 SET @OLD_SQL_MODE=@@SQL_MODE, SQL_MODE='NO_AUTO_VALUE_ON_ZERO' */;
/*!40111 SET @OLD_SQL_NOTES=@@SQL_NOTES, SQL_NOTES=0 */;

--
-- Current Database: `automation`
--

CREATE DATABASE /*!32312 IF NOT EXISTS*/ `automation` /*!40100 DEFAULT CHARACTER SET utf8 */;

USE `automation`;

--
-- Table structure for table `auth_group`
--

DROP TABLE IF EXISTS `auth_group`;
/*!40101 SET @saved_cs_client     = @@character_set_client */;
/*!40101 SET character_set_client = utf8 */;
CREATE TABLE `auth_group` (
  `id` int(11) NOT NULL AUTO_INCREMENT,
  `name` varchar(150) NOT NULL,
  PRIMARY KEY (`id`),
  UNIQUE KEY `name` (`name`)
) ENGINE=MyISAM DEFAULT CHARSET=utf8;
/*!40101 SET character_set_client = @saved_cs_client */;

--
-- Dumping data for table `auth_group`
--

LOCK TABLES `auth_group` WRITE;
/*!40000 ALTER TABLE `auth_group` DISABLE KEYS */;
/*!40000 ALTER TABLE `auth_group` ENABLE KEYS */;
UNLOCK TABLES;

--
-- Table structure for table `auth_group_permissions`
--

DROP TABLE IF EXISTS `auth_group_permissions`;
/*!40101 SET @saved_cs_client     = @@character_set_client */;
/*!40101 SET character_set_client = utf8 */;
CREATE TABLE `auth_group_permissions` (
  `id` int(11) NOT NULL AUTO_INCREMENT,
  `group_id` int(11) NOT NULL,
  `permission_id` int(11) NOT NULL,
  PRIMARY KEY (`id`),
  UNIQUE KEY `auth_group_permissions_group_id_permission_id_0cd325b0_uniq` (`group_id`,`permission_id`),
  KEY `auth_group_permissions_group_id_b120cbf9` (`group_id`),
  KEY `auth_group_permissions_permission_id_84c5c92e` (`permission_id`)
) ENGINE=MyISAM DEFAULT CHARSET=utf8;
/*!40101 SET character_set_client = @saved_cs_client */;

--
-- Dumping data for table `auth_group_permissions`
--

LOCK TABLES `auth_group_permissions` WRITE;
/*!40000 ALTER TABLE `auth_group_permissions` DISABLE KEYS */;
/*!40000 ALTER TABLE `auth_group_permissions` ENABLE KEYS */;
UNLOCK TABLES;

--
-- Table structure for table `auth_permission`
--

DROP TABLE IF EXISTS `auth_permission`;
/*!40101 SET @saved_cs_client     = @@character_set_client */;
/*!40101 SET character_set_client = utf8 */;
CREATE TABLE `auth_permission` (
  `id` int(11) NOT NULL AUTO_INCREMENT,
  `name` varchar(255) NOT NULL,
  `content_type_id` int(11) NOT NULL,
  `codename` varchar(100) NOT NULL,
  PRIMARY KEY (`id`),
  UNIQUE KEY `auth_permission_content_type_id_codename_01ab375a_uniq` (`content_type_id`,`codename`),
  KEY `auth_permission_content_type_id_2f476e4b` (`content_type_id`)
) ENGINE=MyISAM AUTO_INCREMENT=57 DEFAULT CHARSET=utf8;
/*!40101 SET character_set_client = @saved_cs_client */;

--
-- Dumping data for table `auth_permission`
--

LOCK TABLES `auth_permission` WRITE;
/*!40000 ALTER TABLE `auth_permission` DISABLE KEYS */;
INSERT INTO `auth_permission` VALUES (1,'Can add log entry',1,'add_logentry'),(2,'Can change log entry',1,'change_logentry'),(3,'Can delete log entry',1,'delete_logentry'),(4,'Can view log entry',1,'view_logentry'),(5,'Can add permission',2,'add_permission'),(6,'Can change permission',2,'change_permission'),(7,'Can delete permission',2,'delete_permission'),(8,'Can view permission',2,'view_permission'),(9,'Can add group',3,'add_group'),(10,'Can change group',3,'change_group'),(11,'Can delete group',3,'delete_group'),(12,'Can view group',3,'view_group'),(13,'Can add content type',4,'add_contenttype'),(14,'Can change content type',4,'change_contenttype'),(15,'Can delete content type',4,'delete_contenttype'),(16,'Can view content type',4,'view_contenttype'),(17,'Can add session',5,'add_session'),(18,'Can change session',5,'change_session'),(19,'Can delete session',5,'delete_session'),(20,'Can view session',5,'view_session'),(21,'Can add group object permission',6,'add_groupobjectpermission'),(22,'Can change group object permission',6,'change_groupobjectpermission'),(23,'Can delete group object permission',6,'delete_groupobjectpermission'),(24,'Can view group object permission',6,'view_groupobjectpermission'),(25,'Can add user object permission',7,'add_userobjectpermission'),(26,'Can change user object permission',7,'change_userobjectpermission'),(27,'Can delete user object permission',7,'delete_userobjectpermission'),(28,'Can view user object permission',7,'view_userobjectpermission'),(29,'Can add 用户',8,'add_firegameuser'),(30,'Can change 用户',8,'change_firegameuser'),(31,'Can delete 用户',8,'delete_firegameuser'),(32,'Can view 用户',8,'view_firegameuser'),(33,'Can add 域名',9,'add_domain'),(34,'Can change 域名',9,'change_domain'),(35,'Can delete 域名',9,'delete_domain'),(36,'Can view 域名',9,'view_domain'),(37,'Can add 域名联系人',10,'add_domaincontact'),(38,'Can change 域名联系人',10,'change_domaincontact'),(39,'Can delete 域名联系人',10,'delete_domaincontact'),(40,'Can view 域名联系人',10,'view_domaincontact'),(41,'Can add 数据统计',11,'add_statistics'),(42,'Can change 数据统计',11,'change_statistics'),(43,'Can delete 数据统计',11,'delete_statistics'),(44,'Can view 数据统计',11,'view_statistics'),(45,'Can add 域名配置',12,'add_domainconfig'),(46,'Can change 域名配置',12,'change_domainconfig'),(47,'Can delete 域名配置',12,'delete_domainconfig'),(48,'Can view 域名配置',12,'view_domainconfig'),(49,'Can add 落地页',13,'add_floorpage'),(50,'Can change 落地页',13,'change_floorpage'),(51,'Can delete 落地页',13,'delete_floorpage'),(52,'Can view 落地页',13,'view_floorpage'),(53,'Can add 服务器信息',14,'add_websiteserver'),(54,'Can change 服务器信息',14,'change_websiteserver'),(55,'Can delete 服务器信息',14,'delete_websiteserver'),(56,'Can view 服务器信息',14,'view_websiteserver');
/*!40000 ALTER TABLE `auth_permission` ENABLE KEYS */;
UNLOCK TABLES;

--
-- Table structure for table `django_admin_log`
--

DROP TABLE IF EXISTS `django_admin_log`;
/*!40101 SET @saved_cs_client     = @@character_set_client */;
/*!40101 SET character_set_client = utf8 */;
CREATE TABLE `django_admin_log` (
  `id` int(11) NOT NULL AUTO_INCREMENT,
  `action_time` datetime(6) NOT NULL,
  `object_id` longtext,
  `object_repr` varchar(200) NOT NULL,
  `action_flag` smallint(5) unsigned NOT NULL,
  `change_message` longtext NOT NULL,
  `content_type_id` int(11) DEFAULT NULL,
  `user_id` int(11) NOT NULL,
  PRIMARY KEY (`id`),
  KEY `django_admin_log_content_type_id_c4bce8eb` (`content_type_id`),
  KEY `django_admin_log_user_id_c564eba6` (`user_id`)
) ENGINE=MyISAM AUTO_INCREMENT=455 DEFAULT CHARSET=utf8;
/*!40101 SET character_set_client = @saved_cs_client */;

--
-- Dumping data for table `django_admin_log`
--

LOCK TABLES `django_admin_log` WRITE;
/*!40000 ALTER TABLE `django_admin_log` DISABLE KEYS */;
INSERT INTO `django_admin_log` VALUES (1,'2020-05-07 02:37:28.557531','1','test.test.com',1,'[{\"added\": {}}]',9,3),(2,'2020-05-07 06:04:05.544733','1','惊,男子一个回合',1,'[{\"added\": {}}]',13,3),(3,'2020-05-07 06:06:26.176663','1','test.test.com',1,'[{\"added\": {}}]',12,3),(4,'2020-05-07 06:08:35.631696','1','test.test.com',2,'[{\"changed\": {\"fields\": [\"\\u662f\\u5426\\u4fdd\\u7559\\u5ba2\\u670d\\u4e0e\\u7edf\\u8ba1\"]}}]',12,3),(5,'2020-05-07 06:08:40.247565','1','test.test.com',2,'[{\"changed\": {\"fields\": [\"\\u662f\\u5426\\u4fdd\\u7559\\u5ba2\\u670d\\u4e0e\\u7edf\\u8ba1\"]}}]',12,3),(6,'2020-05-07 06:09:41.217569','43','testing.com',2,'[{\"changed\": {\"fields\": [\"\\u57df\\u540d\"]}}]',9,3),(7,'2020-05-07 07:22:42.997854','1','testing.com',2,'[{\"changed\": {\"fields\": [\"\\u5f00\\u542f/\\u5173\\u95ed\"]}}]',12,3),(8,'2020-05-07 07:23:19.885987','1','testing.com',2,'[{\"changed\": {\"fields\": [\"\\u5f00\\u542f/\\u5173\\u95ed\"]}}]',12,3),(9,'2020-05-07 07:55:26.325880','1','testing.com',2,'[{\"changed\": {\"fields\": [\"CNZZ\\u7edf\\u8ba1\\u4ee3\\u7801\"]}}]',12,3),(10,'2020-05-07 07:56:26.772175','1','testing.com',2,'[{\"changed\": {\"fields\": [\"CNZZ\\u7edf\\u8ba1\\u4ee3\\u7801\"]}}]',12,3),(11,'2020-05-07 07:57:09.020687','1','testing.com',2,'[{\"changed\": {\"fields\": [\"CNZZ\\u7edf\\u8ba1\\u4ee3\\u7801\"]}}]',12,3),(12,'2020-05-07 07:57:49.900831','1','testing.com',2,'[{\"changed\": {\"fields\": [\"CNZZ\\u7edf\\u8ba1\\u4ee3\\u7801\"]}}]',12,3),(13,'2020-05-07 08:03:23.939338','1','testing.com',2,'[{\"changed\": {\"fields\": [\"\\u662f\\u5426\\u4fdd\\u7559\\u5ba2\\u670d\\u4e0e\\u7edf\\u8ba1\"]}}]',12,3),(14,'2020-05-07 08:04:28.083647','1','testing.com',2,'[{\"changed\": {\"fields\": [\"\\u662f\\u5426\\u4fdd\\u7559\\u5ba2\\u670d\\u4e0e\\u7edf\\u8ba1\"]}}]',12,3),(15,'2020-05-07 08:14:24.676237','1','testing.com',2,'[{\"changed\": {\"fields\": [\"\\u5f00\\u542f/\\u5173\\u95ed\"]}}]',12,3),(16,'2020-05-07 08:14:37.604673','1','testing.com',2,'[{\"changed\": {\"fields\": [\"\\u5f00\\u542f/\\u5173\\u95ed\", \"\\u662f\\u5426\\u4fdd\\u7559\\u5ba2\\u670d\\u4e0e\\u7edf\\u8ba1\"]}}]',12,3),(17,'2020-05-08 01:32:58.956702','1','47.241.128.107',1,'[{\"added\": {}}]',14,3),(18,'2020-05-08 01:35:33.611639','42','test42.test.com',2,'[{\"changed\": {\"fields\": [\"\\u4e3b\\u673a\"]}}]',9,3),(19,'2020-05-08 02:36:37.770508','1','47.241.128.107',2,'[{\"changed\": {\"fields\": [\"Ssh\\u8d26\\u53f7\", \"Ssh\\u5bc6\\u7801\"]}}]',14,3),(20,'2020-05-08 06:56:06.499965','7','XM-02',2,'[{\"changed\": {\"fields\": [\"\\u540d\\u5b57\", \"\\u843d\\u5730\\u9875\"]}}]',13,3),(21,'2020-05-09 07:02:33.717534','43','testing.com',3,'',9,3),(22,'2020-05-09 07:02:33.717534','42','test42.test.com',3,'',9,3),(23,'2020-05-09 07:02:33.717534','41','test41.test.com',3,'',9,3),(24,'2020-05-09 07:02:33.717534','40','test40.test.com',3,'',9,3),(25,'2020-05-09 07:02:33.717534','39','test39.test.com',3,'',9,3),(26,'2020-05-09 07:02:33.717534','38','test38.test.com',3,'',9,3),(27,'2020-05-09 07:02:33.717534','37','test37.test.com',3,'',9,3),(28,'2020-05-09 07:02:33.717534','36','test36.test.com',3,'',9,3),(29,'2020-05-09 07:02:33.717534','35','test35.test.com',3,'',9,3),(30,'2020-05-09 07:02:33.717534','34','test34.test.com',3,'',9,3),(31,'2020-05-09 07:02:33.717534','33','test33.test.com',3,'',9,3),(32,'2020-05-09 07:02:33.717534','32','test32.test.com',3,'',9,3),(33,'2020-05-09 07:02:33.717534','31','test31.test.com',3,'',9,3),(34,'2020-05-09 07:02:33.717534','30','test30.test.com',3,'',9,3),(35,'2020-05-09 07:02:33.717534','29','test29.test.com',3,'',9,3),(36,'2020-05-09 07:02:33.717534','28','test28.test.com',3,'',9,3),(37,'2020-05-09 07:02:33.717534','27','test27.test.com',3,'',9,3),(38,'2020-05-09 07:02:33.717534','26','test26.test.com',3,'',9,3),(39,'2020-05-09 07:02:33.717534','25','test25.test.com',3,'',9,3),(40,'2020-05-09 07:02:33.717534','24','test24.test.com',3,'',9,3),(41,'2020-05-09 07:02:33.717534','23','test23.test.com',3,'',9,3),(42,'2020-05-09 07:02:33.717534','22','test22.test.com',3,'',9,3),(43,'2020-05-09 07:02:33.717534','21','test21.test.com',3,'',9,3),(44,'2020-05-09 07:02:33.733128','20','test20.test.com',3,'',9,3),(45,'2020-05-09 07:02:33.733128','19','test19.test.com',3,'',9,3),(46,'2020-05-09 07:02:33.733128','18','test18.test.com',3,'',9,3),(47,'2020-05-09 07:02:33.733128','17','test17.test.com',3,'',9,3),(48,'2020-05-09 07:02:33.733128','16','test16.test.com',3,'',9,3),(49,'2020-05-09 07:02:33.733128','15','test15.test.com',3,'',9,3),(50,'2020-05-09 07:02:33.733128','14','test14.test.com',3,'',9,3),(51,'2020-05-09 07:02:33.733128','13','test13.test.com',3,'',9,3),(52,'2020-05-09 07:02:33.733128','12','test12.test.com',3,'',9,3),(53,'2020-05-09 07:02:33.733128','11','test11.test.com',3,'',9,3),(54,'2020-05-09 07:02:33.733128','10','test10.test.com',3,'',9,3),(55,'2020-05-09 07:02:33.733128','9','test9.test.com',3,'',9,3),(56,'2020-05-09 07:02:33.733128','8','test8.test.com',3,'',9,3),(57,'2020-05-09 07:02:33.733128','7','test7.test.com',3,'',9,3),(58,'2020-05-09 07:02:33.733128','6','test6.test.com',3,'',9,3),(59,'2020-05-09 07:02:33.733128','5','test5.test.com',3,'',9,3),(60,'2020-05-09 07:02:33.733128','4','test4.test.com',3,'',9,3),(61,'2020-05-09 07:02:33.733128','3','test.test.com',3,'',9,3),(62,'2020-05-09 07:02:33.733128','2','test3.test.com',3,'',9,3),(63,'2020-05-09 07:02:33.733128','1','test2.test.com',3,'',9,3),(64,'2020-05-09 07:04:00.423276','44','lineo.shengweilan.com',1,'[{\"added\": {}}]',9,3),(65,'2020-05-09 07:04:58.818688','45','huroi.shengweilan.com',1,'[{\"added\": {}}]',9,3),(66,'2020-05-09 07:05:26.067213','46','koiur.shengweilan.com',1,'[{\"added\": {}}]',9,3),(67,'2020-05-09 07:05:44.970528','7','XM-02',3,'',13,3),(68,'2020-05-09 07:05:44.970528','6','激动',3,'',13,3),(69,'2020-05-09 07:05:44.970528','5','可怕',3,'',13,3),(70,'2020-05-09 07:05:44.970528','4','震惊',3,'',13,3),(71,'2020-05-09 07:05:44.970528','3','惊呼',3,'',13,3),(72,'2020-05-09 07:05:44.970528','2','bBBS',3,'',13,3),(73,'2020-05-09 07:05:44.970528','1','惊,男子一个回合',3,'',13,3),(74,'2020-05-09 07:06:07.188016','8','XM-01',1,'[{\"added\": {}}]',13,3),(75,'2020-05-09 07:06:23.039182','9','XM-02',1,'[{\"added\": {}}]',13,3),(76,'2020-05-09 07:06:44.740871','10','XM-03',1,'[{\"added\": {}}]',13,3),(77,'2020-05-12 06:21:50.533129','11','XM-04',1,'[{\"added\": {}}]',13,3),(78,'2020-05-12 06:23:54.146176','12','XM-05',1,'[{\"added\": {}}]',13,3),(79,'2020-05-12 06:24:05.568570','13','TW-01',1,'[{\"added\": {}}]',13,3),(80,'2020-05-12 06:24:16.132947','14','TW-02',1,'[{\"added\": {}}]',13,3),(81,'2020-05-12 06:24:30.549261','15','TW-03',1,'[{\"added\": {}}]',13,3),(82,'2020-05-12 06:24:41.478766','16','TW-04',1,'[{\"added\": {}}]',13,3),(83,'2020-05-12 06:24:52.022480','17','TW-05',1,'[{\"added\": {}}]',13,3),(84,'2020-05-12 06:26:34.677715','44','lineo.shengweilan.com',2,'[{\"changed\": {\"fields\": [\"\\u90ae\\u7bb1\", \"\\u6ce8\\u518c\\u8005\", \"\\u6ce8\\u518c\\u5546\", \"\\u6ce8\\u518c\\u7f51\\u5740\", \"\\u72b6\\u6001\", \"DNS\"]}}]',9,3),(85,'2020-05-12 06:27:05.043607','45','huroi.shengweilan.com',2,'[{\"changed\": {\"fields\": [\"\\u90ae\\u7bb1\", \"\\u6ce8\\u518c\\u8005\", \"\\u6ce8\\u518c\\u5546\", \"\\u6ce8\\u518c\\u7f51\\u5740\", \"\\u72b6\\u6001\", \"DNS\"]}}]',9,3),(86,'2020-05-12 06:27:33.288219','46','koiur.shengweilan.com',2,'[{\"changed\": {\"fields\": [\"\\u90ae\\u7bb1\", \"\\u6ce8\\u518c\\u8005\", \"\\u6ce8\\u518c\\u5546\", \"\\u6ce8\\u518c\\u7f51\\u5740\", \"\\u72b6\\u6001\", \"DNS\"]}}]',9,3),(87,'2020-05-12 06:27:40.630911','45','huroi.shengweilan.com',2,'[{\"changed\": {\"fields\": [\"\\u6ce8\\u518c\\u7f51\\u5740\"]}}]',9,3),(88,'2020-05-12 06:27:47.564350','44','lineo.shengweilan.com',2,'[{\"changed\": {\"fields\": [\"\\u6ce8\\u518c\\u7f51\\u5740\"]}}]',9,3),(89,'2020-05-13 06:29:22.532181','135','hotit.baodinggame.com',2,'[{\"changed\": {\"fields\": [\"\\u57df\\u540d\\u6240\\u5c5e\"]}}]',9,3),(90,'2020-05-13 06:42:06.489448','107','dirit.steelbrightbar.com',2,'[{\"changed\": {\"fields\": [\"\\u57df\\u540d\\u6240\\u5c5e\"]}}]',9,3),(91,'2020-05-13 06:42:14.775054','135','hotit.baodinggame.com',2,'[{\"changed\": {\"fields\": [\"\\u57df\\u540d\\u6240\\u5c5e\"]}}]',9,3),(92,'2020-05-13 06:53:11.785694','54','luiuc.syjtfy.com',2,'[{\"changed\": {\"fields\": [\"\\u57df\\u540d\\u6240\\u5c5e\"]}}]',9,3),(93,'2020-05-13 06:53:20.805873','88','loirt.pingyuanxian.com',2,'[{\"changed\": {\"fields\": [\"\\u57df\\u540d\\u6240\\u5c5e\"]}}]',9,3),(94,'2020-05-13 06:53:31.427280','100','jiouk.ydkqs.com',2,'[{\"changed\": {\"fields\": [\"\\u57df\\u540d\\u6240\\u5c5e\"]}}]',9,3),(95,'2020-05-13 06:53:40.472449','101','guol.chongqingweixiu.com',2,'[{\"changed\": {\"fields\": [\"\\u57df\\u540d\\u6240\\u5c5e\"]}}]',9,3),(96,'2020-05-13 06:53:50.046825','102','lori.chongqingweixiu.com',2,'[{\"changed\": {\"fields\": [\"\\u57df\\u540d\\u6240\\u5c5e\"]}}]',9,3),(97,'2020-05-13 06:53:58.981628','106','tiori.ntmfxy.com',2,'[{\"changed\": {\"fields\": [\"\\u57df\\u540d\\u6240\\u5c5e\"]}}]',9,3),(98,'2020-05-13 06:54:07.694147','51','auitor.kksgw.com',2,'[{\"changed\": {\"fields\": [\"\\u57df\\u540d\\u6240\\u5c5e\"]}}]',9,3),(99,'2020-05-13 06:55:28.256249','131','aertui.sincemyaccident.com',2,'[{\"changed\": {\"fields\": [\"\\u57df\\u540d\\u6240\\u5c5e\"]}}]',9,3),(100,'2020-05-13 06:55:38.043487','114','biouo.scaryjohnkerry.com',2,'[{\"changed\": {\"fields\": [\"\\u57df\\u540d\\u6240\\u5c5e\"]}}]',9,3),(101,'2020-05-13 06:55:48.368828','74','kiobiu.sdbqq.com',2,'[{\"changed\": {\"fields\": [\"\\u57df\\u540d\\u6240\\u5c5e\"]}}]',9,3),(102,'2020-05-13 06:56:01.917381','75','yuibiu.sdbqq.com',2,'[{\"changed\": {\"fields\": [\"\\u57df\\u540d\\u6240\\u5c5e\"]}}]',9,3),(103,'2020-05-13 06:56:18.139540','111','lokiu.litterbitinc.com',2,'[{\"changed\": {\"fields\": [\"\\u57df\\u540d\\u6240\\u5c5e\"]}}]',9,3),(104,'2020-05-13 06:56:28.135403','117','forui.baobeibike.com',2,'[{\"changed\": {\"fields\": [\"\\u57df\\u540d\\u6240\\u5c5e\"]}}]',9,3),(105,'2020-05-13 06:56:37.396580','64','uidiuo.aliyunncs.com',2,'[{\"changed\": {\"fields\": [\"\\u57df\\u540d\\u6240\\u5c5e\"]}}]',9,3),(106,'2020-05-13 06:56:45.463138','93','haiui.kksgw.com',2,'[{\"changed\": {\"fields\": [\"\\u57df\\u540d\\u6240\\u5c5e\"]}}]',9,3),(107,'2020-05-13 06:56:54.276386','115','ariot.scaryjohnkerry.com',2,'[{\"changed\": {\"fields\": [\"\\u57df\\u540d\\u6240\\u5c5e\"]}}]',9,3),(108,'2020-05-13 06:57:01.701286','110','iiuy.litterbitinc.com',2,'[{\"changed\": {\"fields\": [\"\\u57df\\u540d\\u6240\\u5c5e\"]}}]',9,3),(109,'2020-05-13 07:06:49.802977','124','minad.shmcgs.com',2,'[{\"changed\": {\"fields\": [\"\\u57df\\u540d\\u6240\\u5c5e\"]}}]',9,3),(110,'2020-05-13 07:08:04.036368','50','ouiciu.kksgw.com',2,'[{\"changed\": {\"fields\": [\"\\u57df\\u540d\\u6240\\u5c5e\"]}}]',9,3),(111,'2020-05-13 07:08:12.980549','72','joki.whjianzhi.com',2,'[{\"changed\": {\"fields\": [\"\\u57df\\u540d\\u6240\\u5c5e\"]}}]',9,3),(112,'2020-05-13 07:08:21.581872','90','riout.mlqmw.com',2,'[{\"changed\": {\"fields\": [\"\\u57df\\u540d\\u6240\\u5c5e\"]}}]',9,3),(113,'2020-05-13 07:08:29.973241','94','miuop.qcsxw.com',2,'[{\"changed\": {\"fields\": [\"\\u57df\\u540d\\u6240\\u5c5e\"]}}]',9,3),(114,'2020-05-13 07:08:37.994877','96','minak.cheap-gowns.com',2,'[{\"changed\": {\"fields\": [\"\\u57df\\u540d\\u6240\\u5c5e\"]}}]',9,3),(115,'2020-05-13 07:08:45.517654','99','kioui.ydkqs.com',2,'[{\"changed\": {\"fields\": [\"\\u57df\\u540d\\u6240\\u5c5e\"]}}]',9,3),(116,'2020-05-13 07:08:53.228233','120','iouir.juejin360.com',2,'[{\"changed\": {\"fields\": [\"\\u57df\\u540d\\u6240\\u5c5e\"]}}]',9,3),(117,'2020-05-13 07:09:01.884362','56','huiter.cpw8688.com',2,'[{\"changed\": {\"fields\": [\"\\u57df\\u540d\\u6240\\u5c5e\"]}}]',9,3),(118,'2020-05-13 07:09:09.278015','122','floik.shmcgs.com',2,'[{\"changed\": {\"fields\": [\"\\u57df\\u540d\\u6240\\u5c5e\"]}}]',9,3),(119,'2020-05-13 07:09:16.820954','124','minad.shmcgs.com',2,'[]',9,3),(120,'2020-05-13 07:09:24.636247','76','ghero.sdbqq.com',2,'[{\"changed\": {\"fields\": [\"\\u57df\\u540d\\u6240\\u5c5e\"]}}]',9,3),(121,'2020-05-13 07:09:31.764672','128','dotiu.meihuis.com',2,'[{\"changed\": {\"fields\": [\"\\u57df\\u540d\\u6240\\u5c5e\"]}}]',9,3),(122,'2020-05-13 07:09:40.710219','58','liuomn.cpw8688.com',2,'[{\"changed\": {\"fields\": [\"\\u57df\\u540d\\u6240\\u5c5e\"]}}]',9,3),(123,'2020-05-13 07:10:12.846901','133','anuia.sincemyaccident.com',2,'[{\"changed\": {\"fields\": [\"\\u57df\\u540d\\u6240\\u5c5e\"]}}]',9,3),(124,'2020-05-13 07:10:22.747215','134','kiuou.baodinggame.com',2,'[{\"changed\": {\"fields\": [\"\\u57df\\u540d\\u6240\\u5c5e\"]}}]',9,3),(125,'2020-05-13 07:10:34.845251','97','nokiu.cheap-gowns.com',2,'[{\"changed\": {\"fields\": [\"\\u57df\\u540d\\u6240\\u5c5e\"]}}]',9,3),(126,'2020-05-13 07:10:44.252841','98','minui.ydkqs.com',2,'[{\"changed\": {\"fields\": [\"\\u57df\\u540d\\u6240\\u5c5e\"]}}]',9,3),(127,'2020-05-13 07:10:52.788515','63','kiout.aliyunncs.com',2,'[{\"changed\": {\"fields\": [\"\\u57df\\u540d\\u6240\\u5c5e\"]}}]',9,3),(128,'2020-05-13 07:11:06.093007','113','cuiti.scaryjohnkerry.com',2,'[{\"changed\": {\"fields\": [\"\\u57df\\u540d\\u6240\\u5c5e\"]}}]',9,3),(129,'2020-05-13 07:11:14.276707','112','guito.litterbitinc.com',2,'[{\"changed\": {\"fields\": [\"\\u57df\\u540d\\u6240\\u5c5e\"]}}]',9,3),(130,'2020-05-13 07:11:26.772419','48','qiuity.qcsxw.com',2,'[{\"changed\": {\"fields\": [\"\\u57df\\u540d\\u6240\\u5c5e\"]}}]',9,3),(131,'2020-05-13 07:11:44.107830','67','xingau.mumstvccc.com',2,'[{\"changed\": {\"fields\": [\"\\u57df\\u540d\\u6240\\u5c5e\"]}}]',9,3),(132,'2020-05-13 07:11:51.627870','69','cbuir.mumstvddd.com',2,'[{\"changed\": {\"fields\": [\"\\u57df\\u540d\\u6240\\u5c5e\"]}}]',9,3),(133,'2020-05-13 07:11:59.958092','77','quiro.anychou.com',2,'[{\"changed\": {\"fields\": [\"\\u57df\\u540d\\u6240\\u5c5e\"]}}]',9,3),(134,'2020-05-13 07:12:07.187623','132','auiru.sincemyaccident.com',2,'[{\"changed\": {\"fields\": [\"\\u57df\\u540d\\u6240\\u5c5e\", \"\\u57df\\u540d\"]}}]',9,3),(135,'2020-05-13 07:12:15.228205','135','hotit.baodinggame.com',2,'[{\"changed\": {\"fields\": [\"\\u57df\\u540d\\u6240\\u5c5e\"]}}]',9,3),(136,'2020-05-14 02:23:57.946637','1','47.241.128.107',2,'[{\"changed\": {\"fields\": [\"\\u5185\\u7f51IP\", \"\\u670d\\u52a1\\u5668\\u7f16\\u53f7\"]}}]',14,3),(137,'2020-05-14 09:19:40.978304','129','kotir.meihuis.com',2,'[{\"changed\": {\"fields\": [\"\\u57df\\u540d\\u6240\\u5c5e\"]}}]',9,3),(138,'2020-05-14 09:20:10.346445','126','mioer.nihaozaijian.com',2,'[{\"changed\": {\"fields\": [\"\\u57df\\u540d\\u6240\\u5c5e\"]}}]',9,3),(139,'2020-05-14 09:20:25.973105','118','eseio.baobeibike.com',2,'[{\"changed\": {\"fields\": [\"\\u57df\\u540d\\u6240\\u5c5e\"]}}]',9,3),(140,'2020-05-14 09:20:41.163050','107','dirit.steelbrightbar.com',2,'[{\"changed\": {\"fields\": [\"\\u57df\\u540d\\u6240\\u5c5e\"]}}]',9,3),(141,'2020-05-14 09:20:57.606005','87','opiur.pingyuanxian.com',2,'[{\"changed\": {\"fields\": [\"\\u57df\\u540d\\u6240\\u5c5e\"]}}]',9,3),(142,'2020-05-14 09:22:19.520849','136','couru.fookgame.com',1,'[{\"added\": {}}]',9,3),(143,'2020-05-14 09:22:56.889861','137','niuto.fookgame.com',1,'[{\"added\": {}}]',9,3),(144,'2020-05-14 09:23:27.644784','138','vauit.fookgame.com',1,'[{\"added\": {}}]',9,3),(145,'2020-05-14 10:46:46.040802','139','buiao.fookgame.com',1,'[{\"added\": {}}]',9,3),(146,'2020-05-14 10:47:13.022615','140','bnanr.fookgame.com',1,'[{\"added\": {}}]',9,3),(147,'2020-05-14 11:02:02.716547','116','groil.baobeibike.com',2,'[{\"changed\": {\"fields\": [\"\\u57df\\u540d\\u6240\\u5c5e\"]}}]',9,3),(148,'2020-05-14 11:07:15.190507','121','hotor.juejin360.com',2,'[{\"changed\": {\"fields\": [\"\\u57df\\u540d\\u6240\\u5c5e\"]}}]',9,3),(149,'2020-05-14 11:08:38.894757','83','retio.qltgw.com',2,'[{\"changed\": {\"fields\": [\"\\u57df\\u540d\\u6240\\u5c5e\"]}}]',9,3),(150,'2020-05-15 01:09:36.407666','116','groil.baobeibike.com',2,'[{\"changed\": {\"fields\": [\"\\u57df\\u540d\\u6240\\u5c5e\"]}}]',9,3),(151,'2020-05-15 01:09:50.776031','121','hotor.juejin360.com',2,'[{\"changed\": {\"fields\": [\"\\u57df\\u540d\\u6240\\u5c5e\"]}}]',9,3),(152,'2020-05-15 01:10:06.926703','83','retio.qltgw.com',2,'[{\"changed\": {\"fields\": [\"\\u57df\\u540d\\u6240\\u5c5e\"]}}]',9,3),(153,'2020-05-15 01:10:15.920487','92','kioro.baoxiaoliang.com',2,'[{\"changed\": {\"fields\": [\"\\u57df\\u540d\\u6240\\u5c5e\"]}}]',9,3),(154,'2020-05-15 01:11:01.399106','80','suuib.zvqylc.com',2,'[{\"changed\": {\"fields\": [\"\\u57df\\u540d\\u6240\\u5c5e\"]}}]',9,3),(155,'2020-05-15 01:11:14.960371','44','lineo.shengweilan.com',2,'[{\"changed\": {\"fields\": [\"\\u57df\\u540d\\u6240\\u5c5e\"]}}]',9,3),(156,'2020-05-15 01:12:14.586447','141','leiut.wubaonet.com',1,'[{\"added\": {}}]',9,3),(157,'2020-05-15 03:53:29.445397','88','loirt.pingyuanxian.com',2,'[{\"changed\": {\"fields\": [\"\\u57df\\u540d\\u6240\\u5c5e\"]}}]',9,3),(158,'2020-05-15 05:52:29.274230','142','aaaad.conear.top',1,'[{\"added\": {}}]',9,3),(159,'2020-05-15 06:41:40.738080','1','47.241.128.107',2,'[{\"changed\": {\"fields\": [\"\\u7f51\\u7ad9\\u6839\\u76ee\\u5f55\"]}}]',14,3),(160,'2020-05-15 06:41:44.864774','1','47.241.128.107',2,'[]',14,3),(161,'2020-05-15 08:05:51.619218','18','XM-06',1,'[{\"added\": {}}]',13,3),(162,'2020-05-15 08:06:06.454514','19','TW-06',1,'[{\"added\": {}}]',13,3),(163,'2020-05-15 12:31:01.052555','56','huiter.cpw8688.com',2,'[]',9,3),(164,'2020-05-16 07:15:04.587495','8','钟晓欣',3,'',8,3),(165,'2020-05-16 07:15:30.215571','7','zhongyan',3,'',8,3),(166,'2020-05-16 07:15:30.218134','6','guichangtao',3,'',8,3),(167,'2020-05-16 07:15:30.220246','5','company_1',3,'',8,3),(168,'2020-05-16 07:15:30.222466','4','test1',3,'',8,3),(169,'2020-05-16 07:21:30.293027','143','auioui.haunhue.com',1,'[{\"added\": {}}]',9,3),(170,'2020-05-16 07:23:22.161464','144','minuia.haunhue.com',1,'[{\"added\": {}}]',9,3),(171,'2020-05-16 07:43:29.343681','145','auimn.haunhue.com',1,'[{\"added\": {}}]',9,3),(172,'2020-05-16 07:44:18.179133','146','auouo.haunhue.com',1,'[{\"added\": {}}]',9,3),(173,'2020-05-16 10:43:24.692448','147','nmani.fookgame.com',1,'[{\"added\": {}}]',9,3),(174,'2020-05-16 10:50:31.026280','136','couru.fookgame.com',2,'[{\"changed\": {\"fields\": [\"\\u57df\\u540d\\u6240\\u5c5e\"]}}]',9,3),(175,'2020-05-18 07:53:30.793841','123','biudi.shmcgs.com',2,'[{\"changed\": {\"fields\": [\"\\u57df\\u540d\\u6240\\u5c5e\", \"\\u90ae\\u7bb1\", \"\\u6ce8\\u518c\\u7f51\\u5740\"]}}]',9,3),(176,'2020-05-18 07:54:15.050730','123','biudi.shmcgs.com',2,'[{\"changed\": {\"fields\": [\"\\u6ce8\\u518c\\u7f51\\u5740\", \"\\u72b6\\u6001\", \"DNS\"]}}]',9,3),(177,'2020-05-18 09:16:00.931497','148','quiew.chloe-jyy.com',1,'[{\"added\": {}}]',9,3),(178,'2020-05-18 09:17:21.069642','149','gvuwe.cnytw.com',1,'[{\"added\": {}}]',9,3),(179,'2020-05-18 10:06:12.304127','150','huier.yxgj1987.com',1,'[{\"added\": {}}]',9,3),(180,'2020-05-18 10:44:31.207680','151','jaylon.sherlockfiregame.com',1,'[{\"added\": {}}]',9,3),(181,'2020-05-18 12:09:58.281815','152','huiti.yxgj5555.com',1,'[{\"added\": {}}]',9,3),(182,'2020-05-18 12:10:43.844500','153','qtuir.chloe-jyy.com',1,'[{\"added\": {}}]',9,3),(183,'2020-05-19 06:52:28.991686','154','haden.sherlockfiregame.com',1,'[{\"added\": {}}]',9,3),(184,'2020-05-19 06:53:41.932666','155','febian.sherlockfiregame.com',1,'[{\"added\": {}}]',9,3),(185,'2020-05-19 06:54:27.916418','156','perry.sherlockfiregame.com',1,'[{\"added\": {}}]',9,3),(186,'2020-05-19 06:55:07.421546','157','carlisle.sherlockfiregame.com',1,'[{\"added\": {}}]',9,3),(187,'2020-05-19 06:55:44.571741','158','dashawn.sherlockfiregame.com',1,'[{\"added\": {}}]',9,3),(188,'2020-05-19 06:56:19.200962','159','huw.sherlockfiregame.com',1,'[{\"added\": {}}]',9,3),(189,'2020-05-19 06:56:46.791388','160','dakota.sherlockfiregame.com',1,'[{\"added\": {}}]',9,3),(190,'2020-05-19 06:58:26.065375','161','romeo.sherlockfiregame.com',1,'[{\"added\": {}}]',9,3),(191,'2020-05-19 07:35:48.362872','162','eruit.yxgj333.com',1,'[{\"added\": {}}]',9,3),(192,'2020-05-19 09:22:28.285744','163','guioi.yxgj333.com',1,'[{\"added\": {}}]',9,3),(193,'2020-05-19 09:23:17.170887','164','miutui.yxgj5555.com',1,'[{\"added\": {}}]',9,3),(194,'2020-05-19 09:30:57.724047','85','doiur.qltgw.com',2,'[{\"changed\": {\"fields\": [\"\\u57df\\u540d\\u6240\\u5c5e\"]}}]',9,3),(195,'2020-05-19 09:33:51.504632','81','gutou.zvqylc.com',2,'[{\"changed\": {\"fields\": [\"\\u57df\\u540d\\u6240\\u5c5e\"]}}]',9,3),(196,'2020-05-19 09:34:25.071798','86','zuiro.pingyuanxian.com',2,'[{\"changed\": {\"fields\": [\"\\u57df\\u540d\\u6240\\u5c5e\"]}}]',9,3),(197,'2020-05-19 10:12:14.264191','165','guire.pyrshg.com',1,'[{\"added\": {}}]',9,3),(198,'2020-05-19 10:13:09.698370','166','kiuyt .yxkjweb.com',1,'[{\"added\": {}}]',9,3),(199,'2020-05-19 10:14:24.727954','167','firoi.lldfay.com',1,'[{\"added\": {}}]',9,3),(200,'2020-05-19 10:16:04.767974','168','ruier.shgmfs.com',1,'[{\"added\": {}}]',9,3),(201,'2020-05-19 10:19:18.059178','169','nuyir.kelai0373.com',1,'[{\"added\": {}}]',9,3),(202,'2020-05-19 10:20:02.413036','170','eriut.shgmfs.com',1,'[{\"added\": {}}]',9,3),(203,'2020-05-19 10:20:58.136974','171','fedia.lldfay.com',1,'[{\"added\": {}}]',9,3),(204,'2020-05-19 10:21:50.340446','172','guira.pyrshg.com',1,'[{\"added\": {}}]',9,3),(205,'2020-05-19 11:18:54.663791','76','ghero.sdbqq.com',2,'[{\"changed\": {\"fields\": [\"\\u57df\\u540d\\u6240\\u5c5e\"]}}]',9,3),(206,'2020-05-19 12:54:19.583844','173','koouyoi.yunfuzi168.com',1,'[{\"added\": {}}]',9,3),(207,'2020-05-20 02:52:30.343503','174','firet.abdalan.com',1,'[{\"added\": {}}]',9,3),(208,'2020-05-20 02:53:45.372884','175','giuot.arcloudchain.com',1,'[{\"added\": {}}]',9,3),(209,'2020-05-20 07:27:16.283376','176','wouit.xkbet8.com',1,'[{\"added\": {}}]',9,3),(210,'2020-05-20 07:28:16.824112','177','tloiu.vrcloudchain.com',1,'[{\"added\": {}}]',9,3),(211,'2020-05-20 07:31:41.925884','178','ganit.arcloudchain.com',1,'[{\"added\": {}}]',9,3),(212,'2020-05-20 07:32:07.911084','176','wouit.xkbet8.com',2,'[{\"changed\": {\"fields\": [\"\\u57df\\u540d\\u6240\\u5c5e\"]}}]',9,3),(213,'2020-05-20 10:35:45.924019','179','weuit.xkbet8.com',1,'[{\"added\": {}}]',9,3),(214,'2020-05-21 03:07:21.322151','180','poruo.zyccxt.com',1,'[{\"added\": {}}]',9,3),(215,'2020-05-21 03:08:42.288871','181','cuitui.zyccxt.com',1,'[{\"added\": {}}]',9,3),(216,'2020-05-21 03:10:00.880787','182','gamni.cnytw.com',1,'[{\"added\": {}}]',9,3),(217,'2020-05-21 05:36:44.400795','183','toiut.vrcloudchain.com',1,'[{\"added\": {}}]',9,3),(218,'2020-05-21 05:38:10.820746','184','guroi.arcloudchain.com',1,'[{\"added\": {}}]',9,3),(219,'2020-05-21 05:39:34.573929','184','fires.abdalan.com',2,'[{\"changed\": {\"fields\": [\"\\u57df\\u540d\"]}}]',9,3),(220,'2020-05-21 05:41:06.852337','185','tiuoi.vrcloudchain.com',1,'[{\"added\": {}}]',9,3),(221,'2020-05-21 06:10:57.110376','186','rutio.abdalan.com',1,'[{\"added\": {}}]',9,3),(222,'2020-05-21 06:11:45.513521','187','ruiou.abdalan.com',1,'[{\"added\": {}}]',9,3),(223,'2020-05-21 06:21:34.690431','166','kiuyt.yxkjweb.com',2,'[{\"changed\": {\"fields\": [\"\\u57df\\u540d\"]}}]',9,3),(224,'2020-05-21 08:40:05.259497','143','auioui.haunhue.com',2,'[{\"changed\": {\"fields\": [\"\\u57df\\u540d\\u6240\\u5c5e\"]}}]',9,3),(225,'2020-05-21 08:40:24.612392','144','minuia.haunhue.com',2,'[{\"changed\": {\"fields\": [\"\\u57df\\u540d\\u6240\\u5c5e\"]}}]',9,3),(226,'2020-05-21 08:44:52.433812','188','kedrick.sherlockfiregame.com',1,'[{\"added\": {}}]',9,3),(227,'2020-05-21 08:45:26.029643','189','frederick.sherlockfiregame.com',1,'[{\"added\": {}}]',9,3),(228,'2020-05-21 08:50:59.428748','190','fwall.fookgame.com',1,'[{\"added\": {}}]',9,3),(229,'2020-05-21 09:14:53.326024','191','brody.sherlockfiregame.com',1,'[{\"added\": {}}]',9,3),(230,'2020-05-21 09:27:56.038989','192','kirby.sherlockfiregame.com',1,'[{\"added\": {}}]',9,3),(231,'2020-05-21 10:02:46.367758','193','tuiai.nihaozaijian.com',1,'[{\"added\": {}}]',9,3),(232,'2020-05-21 10:03:46.166959','194','aiuti.nihaozaijian.com',1,'[{\"added\": {}}]',9,3),(233,'2020-05-22 03:16:53.747351','195','uiqwpe.yunfuzi168.com',1,'[{\"added\": {}}]',9,3),(234,'2020-05-22 03:57:08.972820','53','kiour.baoxiaoliang.com',2,'[{\"changed\": {\"fields\": [\"\\u57df\\u540d\\u6240\\u5c5e\"]}}]',9,3),(235,'2020-05-22 08:22:36.235235','196','www.scaryjohnkerry.com',1,'[{\"added\": {}}]',9,3),(236,'2020-05-22 08:23:21.782050','197','www.baobeibike.com',1,'[{\"added\": {}}]',9,3),(237,'2020-05-22 08:24:08.730868','198','www.juejin360.com',1,'[{\"added\": {}}]',9,3),(238,'2020-05-22 08:27:11.240795','199','www.shmcgs.com',1,'[{\"added\": {}}]',9,3),(239,'2020-05-22 08:27:59.423328','200','www.nihaozaijian.com',1,'[{\"added\": {}}]',9,3),(240,'2020-05-22 08:28:58.502947','201','www.meihuis.com',1,'[{\"added\": {}}]',9,3),(241,'2020-05-22 08:31:30.035293','202','www.qLtgw.com',1,'[{\"added\": {}}]',9,3),(242,'2020-05-22 08:31:51.331287','203','www.pingyuanxian.com',1,'[{\"added\": {}}]',9,3),(243,'2020-05-22 08:32:26.107358','204','www.mLqmw.com',1,'[{\"added\": {}}]',9,3),(244,'2020-05-22 08:32:56.408488','205','www.zvqyLc.com',1,'[{\"added\": {}}]',9,3),(245,'2020-05-22 08:38:04.762804','206','www.sdbqq.com',1,'[{\"added\": {}}]',9,3),(246,'2020-05-22 08:38:16.807252','207','www.whjianzhi.com',1,'[{\"added\": {}}]',9,3),(247,'2020-05-22 08:38:24.978147','208','www.shengweiLan.com',1,'[{\"added\": {}}]',9,3),(248,'2020-05-22 08:38:29.102704','209','www.mumstvddd.com',1,'[{\"added\": {}}]',9,3),(249,'2020-05-22 08:38:36.577926','210','www.mumstvccc.com',1,'[{\"added\": {}}]',9,3),(250,'2020-05-22 08:38:46.400860','211','www.aLiyunncs.com',1,'[{\"added\": {}}]',9,3),(251,'2020-05-22 08:38:51.905392','212','www.zzsftpos.com',1,'[{\"added\": {}}]',9,3),(252,'2020-05-22 08:38:58.186683','213','www.baoxiaoLiang.com',1,'[{\"added\": {}}]',9,3),(253,'2020-05-22 08:39:04.885871','214','www.jinyuan99.com',1,'[{\"added\": {}}]',9,3),(254,'2020-05-22 08:39:06.672229','215','www.kksgw.com',1,'[{\"added\": {}}]',9,3),(255,'2020-05-22 08:39:21.982051','216','www.cpw8688.com',1,'[{\"added\": {}}]',9,3),(256,'2020-05-22 08:39:23.239484','217','www.qcsxw.com',1,'[{\"added\": {}}]',9,3),(257,'2020-05-22 08:39:31.142030','218','www.nnghw.com',1,'[{\"added\": {}}]',9,3),(258,'2020-05-22 08:39:32.636337','219','www.syjtfy.com',1,'[{\"added\": {}}]',9,3),(259,'2020-05-22 08:39:43.825701','220','www.Lionhpxuan.com',1,'[{\"added\": {}}]',9,3),(260,'2020-05-22 08:42:09.345689','221','www.cheap-gowns.com',1,'[{\"added\": {}}]',9,3),(261,'2020-05-22 08:42:25.431351','222','www.ydkqs.com',1,'[{\"added\": {}}]',9,3),(262,'2020-05-22 08:42:38.819460','223','www.chongqingweixiu.com',1,'[{\"added\": {}}]',9,3),(263,'2020-05-22 08:42:49.366737','224','www.sincemyaccident.com',1,'[{\"added\": {}}]',9,3),(264,'2020-05-22 08:42:59.556172','225','www.ntmfxy.com',1,'[{\"added\": {}}]',9,3),(265,'2020-05-22 08:43:08.616292','226','www.steeLbrightbar.com',1,'[{\"added\": {}}]',9,3),(266,'2020-05-22 08:43:17.540163','227','www.Litterbitinc.com',1,'[{\"added\": {}}]',9,3),(267,'2020-05-22 09:06:16.330905','221','www.cheap-gowns.com',2,'[]',9,3),(268,'2020-05-22 09:06:29.733424','228','www.pyrshg.com',1,'[{\"added\": {}}]',9,3),(269,'2020-05-22 09:06:38.911829','229','www.keLai0373.com',1,'[{\"added\": {}}]',9,3),(270,'2020-05-22 09:06:46.797661','230','www.yxkjweb.com',1,'[{\"added\": {}}]',9,3),(271,'2020-05-22 09:06:57.057016','231','www.shgmfs.com',1,'[{\"added\": {}}]',9,3),(272,'2020-05-22 09:15:28.847954','232','www.LLdfay.com',1,'[{\"added\": {}}]',9,3),(273,'2020-05-22 09:15:38.808109','233','www.bhcygl.com',1,'[{\"added\": {}}]',9,3),(274,'2020-05-22 09:15:49.360847','234','www.xkbet8.com',1,'[{\"added\": {}}]',9,3),(275,'2020-05-22 09:16:01.589297','235','www.vrcloudchain.com',1,'[{\"added\": {}}]',9,3),(276,'2020-05-22 09:17:28.546029','236','www.arcloudchain.com',1,'[{\"added\": {}}]',9,3),(277,'2020-05-22 09:17:49.905901','237','www.abdalan.com',1,'[{\"added\": {}}]',9,3),(278,'2020-05-22 09:18:11.797201','238','www.zyccxt.com',1,'[{\"added\": {}}]',9,3),(279,'2020-05-22 09:29:55.897257','239','www.baodinggame.com',1,'[{\"added\": {}}]',9,3),(280,'2020-05-22 09:30:06.223491','240','www.anychou.com',1,'[{\"added\": {}}]',9,3),(281,'2020-05-22 09:30:16.145364','241','www.jiuquan1.com',1,'[{\"added\": {}}]',9,3),(282,'2020-05-22 09:32:07.219583','230','www.yxkjweb.com',2,'[{\"changed\": {\"fields\": [\"\\u57df\\u540d\\u6240\\u5c5e\"]}}]',9,3),(283,'2020-05-22 09:32:22.356873','231','www.shgmfs.com',2,'[{\"changed\": {\"fields\": [\"\\u57df\\u540d\\u6240\\u5c5e\"]}}]',9,3),(284,'2020-05-24 06:28:05.409306','231','www.shgmfs.com',3,'',9,3),(285,'2020-05-24 06:28:05.411802','230','www.yxkjweb.com',3,'',9,3),(286,'2020-05-24 06:28:05.413799','227','www.Litterbitinc.com',3,'',9,3),(287,'2020-05-24 06:28:05.415787','226','www.steeLbrightbar.com',3,'',9,3),(288,'2020-05-24 06:28:05.417706','225','www.ntmfxy.com',3,'',9,3),(289,'2020-05-24 06:28:05.419612','224','www.sincemyaccident.com',3,'',9,3),(290,'2020-05-24 06:28:05.421624','223','www.chongqingweixiu.com',3,'',9,3),(291,'2020-05-24 06:28:05.423624','222','www.ydkqs.com',3,'',9,3),(292,'2020-05-24 06:28:05.425465','221','www.cheap-gowns.com',3,'',9,3),(293,'2020-05-24 06:28:05.427348','166','kiuyt.yxkjweb.com',3,'',9,3),(294,'2020-05-24 06:28:05.429282','165','guire.pyrshg.com',3,'',9,3),(295,'2020-05-24 06:28:05.431153','154','haden.sherlockfiregame.com',3,'',9,3),(296,'2020-05-24 06:28:05.433001','153','qtuir.chloe-jyy.com',3,'',9,3),(297,'2020-05-24 06:28:05.435079','152','huiti.yxgj5555.com',3,'',9,3),(298,'2020-05-24 06:28:05.437046','140','bnanr.fookgame.com',3,'',9,3),(299,'2020-05-24 06:28:05.439378','139','buiao.fookgame.com',3,'',9,3),(300,'2020-05-24 06:28:05.441625','134','kiuou.baodinggame.com',3,'',9,3),(301,'2020-05-24 06:28:05.444129','133','anuia.sincemyaccident.com',3,'',9,3),(302,'2020-05-24 06:28:05.446084','113','cuiti.scaryjohnkerry.com',3,'',9,3),(303,'2020-05-24 06:28:05.447979','112','guito.litterbitinc.com',3,'',9,3),(304,'2020-05-24 06:28:05.450158','98','minui.ydkqs.com',3,'',9,3),(305,'2020-05-24 06:28:05.452021','97','nokiu.cheap-gowns.com',3,'',9,3),(306,'2020-05-24 06:28:05.453885','63','kiout.aliyunncs.com',3,'',9,3),(307,'2020-05-24 06:31:58.748096','242','mdro.cn',1,'[{\"added\": {}}]',9,3),(308,'2020-05-24 06:32:08.014395','243','6mnd.cn',1,'[{\"added\": {}}]',9,3),(309,'2020-05-24 06:32:18.302529','244','e78n.cn',1,'[{\"added\": {}}]',9,3),(310,'2020-05-24 06:32:28.525713','245','fucj.top',1,'[{\"added\": {}}]',9,3),(311,'2020-05-24 06:32:39.246417','246','1u6r.cn',1,'[{\"added\": {}}]',9,3),(312,'2020-05-24 06:43:00.127285','238','www.zyccxt.com',3,'',9,3),(313,'2020-05-24 06:43:00.130286','237','www.abdalan.com',3,'',9,3),(314,'2020-05-24 06:43:00.132372','236','www.arcloudchain.com',3,'',9,3),(315,'2020-05-24 06:43:00.134323','218','www.nnghw.com',3,'',9,3),(316,'2020-05-24 06:43:00.136369','217','www.qcsxw.com',3,'',9,3),(317,'2020-05-24 06:43:00.138241','215','www.kksgw.com',3,'',9,3),(318,'2020-05-24 06:43:00.140122','213','www.baoxiaoLiang.com',3,'',9,3),(319,'2020-05-24 06:43:00.141985','211','www.aLiyunncs.com',3,'',9,3),(320,'2020-05-24 06:43:00.143845','210','www.mumstvccc.com',3,'',9,3),(321,'2020-05-24 06:43:00.145699','209','www.mumstvddd.com',3,'',9,3),(322,'2020-05-24 06:43:00.147549','195','uiqwpe.yunfuzi168.com',3,'',9,3),(323,'2020-05-24 06:43:00.149703','194','aiuti.nihaozaijian.com',3,'',9,3),(324,'2020-05-24 06:43:00.151608','193','tuiai.nihaozaijian.com',3,'',9,3),(325,'2020-05-24 06:43:00.153827','192','kirby.sherlockfiregame.com',3,'',9,3),(326,'2020-05-24 06:43:00.155760','191','brody.sherlockfiregame.com',3,'',9,3),(327,'2020-05-24 06:43:00.157771','190','fwall.fookgame.com',3,'',9,3),(328,'2020-05-24 06:43:00.159682','189','frederick.sherlockfiregame.com',3,'',9,3),(329,'2020-05-24 06:43:00.161559','188','kedrick.sherlockfiregame.com',3,'',9,3),(330,'2020-05-24 06:43:00.163521','187','ruiou.abdalan.com',3,'',9,3),(331,'2020-05-24 06:43:00.165387','186','rutio.abdalan.com',3,'',9,3),(332,'2020-05-24 06:43:00.167272','185','tiuoi.vrcloudchain.com',3,'',9,3),(333,'2020-05-24 06:43:00.169132','184','fires.abdalan.com',3,'',9,3),(334,'2020-05-24 06:43:00.171010','183','toiut.vrcloudchain.com',3,'',9,3),(335,'2020-05-24 06:43:00.172861','182','gamni.cnytw.com',3,'',9,3),(336,'2020-05-24 06:43:00.174718','181','cuitui.zyccxt.com',3,'',9,3),(337,'2020-05-24 06:43:00.176693','180','poruo.zyccxt.com',3,'',9,3),(338,'2020-05-24 06:43:00.178576','179','weuit.xkbet8.com',3,'',9,3),(339,'2020-05-24 06:43:00.180691','168','ruier.shgmfs.com',3,'',9,3),(340,'2020-05-24 06:43:00.182593','167','firoi.lldfay.com',3,'',9,3),(341,'2020-05-24 06:43:00.184503','155','febian.sherlockfiregame.com',3,'',9,3),(342,'2020-05-24 06:43:00.186422','144','minuia.haunhue.com',3,'',9,3),(343,'2020-05-24 06:43:00.188307','143','auioui.haunhue.com',3,'',9,3),(344,'2020-05-24 06:43:00.190279','128','dotiu.meihuis.com',3,'',9,3),(345,'2020-05-24 06:43:00.192192','124','minad.shmcgs.com',3,'',9,3),(346,'2020-05-24 06:43:00.194135','122','floik.shmcgs.com',3,'',9,3),(347,'2020-05-24 06:43:00.196054','120','iouir.juejin360.com',3,'',9,3),(348,'2020-05-24 06:43:00.198053','99','kioui.ydkqs.com',3,'',9,3),(349,'2020-05-24 06:43:00.199995','96','minak.cheap-gowns.com',3,'',9,3),(350,'2020-05-24 06:43:00.201857','94','miuop.qcsxw.com',3,'',9,3),(351,'2020-05-24 06:43:00.203822','90','riout.mlqmw.com',3,'',9,3),(352,'2020-05-24 06:43:00.205732','72','joki.whjianzhi.com',3,'',9,3),(353,'2020-05-24 06:43:00.207889','58','liuomn.cpw8688.com',3,'',9,3),(354,'2020-05-24 06:43:00.209847','56','huiter.cpw8688.com',3,'',9,3),(355,'2020-05-24 06:43:00.211853','53','kiour.baoxiaoliang.com',3,'',9,3),(356,'2020-05-24 06:43:00.213691','50','ouiciu.kksgw.com',3,'',9,3),(357,'2020-05-24 06:43:17.614443','235','www.vrcloudchain.com',3,'',9,3),(358,'2020-05-24 06:43:17.616929','234','www.xkbet8.com',3,'',9,3),(359,'2020-05-24 06:43:17.619010','233','www.bhcygl.com',3,'',9,3),(360,'2020-05-24 06:43:17.621062','232','www.LLdfay.com',3,'',9,3),(361,'2020-05-24 06:43:17.623048','220','www.Lionhpxuan.com',3,'',9,3),(362,'2020-05-24 06:43:17.625072','219','www.syjtfy.com',3,'',9,3),(363,'2020-05-24 06:43:17.627359','216','www.cpw8688.com',3,'',9,3),(364,'2020-05-24 06:43:17.629558','214','www.jinyuan99.com',3,'',9,3),(365,'2020-05-24 06:43:17.631511','212','www.zzsftpos.com',3,'',9,3),(366,'2020-05-24 06:43:17.633494','208','www.shengweiLan.com',3,'',9,3),(367,'2020-05-24 06:43:17.635632','178','ganit.arcloudchain.com',3,'',9,3),(368,'2020-05-24 06:43:17.637601','177','tloiu.vrcloudchain.com',3,'',9,3),(369,'2020-05-24 06:43:17.639629','176','wouit.xkbet8.com',3,'',9,3),(370,'2020-05-24 06:43:17.641800','172','guira.pyrshg.com',3,'',9,3),(371,'2020-05-24 06:43:17.643883','171','fedia.lldfay.com',3,'',9,3),(372,'2020-05-24 06:43:17.645842','157','carlisle.sherlockfiregame.com',3,'',9,3),(373,'2020-05-24 06:43:17.647770','136','couru.fookgame.com',3,'',9,3),(374,'2020-05-24 06:43:17.649682','129','kotir.meihuis.com',3,'',9,3),(375,'2020-05-24 06:43:17.651707','126','mioer.nihaozaijian.com',3,'',9,3),(376,'2020-05-24 06:43:17.653682','118','eseio.baobeibike.com',3,'',9,3),(377,'2020-05-24 06:43:17.655764','107','dirit.steelbrightbar.com',3,'',9,3),(378,'2020-05-24 06:43:17.657716','106','tiori.ntmfxy.com',3,'',9,3),(379,'2020-05-24 06:43:17.659805','102','lori.chongqingweixiu.com',3,'',9,3),(380,'2020-05-24 06:43:17.662993','101','guol.chongqingweixiu.com',3,'',9,3),(381,'2020-05-24 06:43:17.665086','100','jiouk.ydkqs.com',3,'',9,3),(382,'2020-05-24 06:43:17.667119','87','opiur.pingyuanxian.com',3,'',9,3),(383,'2020-05-24 06:43:17.669056','54','luiuc.syjtfy.com',3,'',9,3),(384,'2020-05-24 06:43:17.671096','51','auitor.kksgw.com',3,'',9,3),(385,'2020-05-24 06:43:26.751493','229','www.keLai0373.com',3,'',9,3),(386,'2020-05-24 06:43:26.753908','228','www.pyrshg.com',3,'',9,3),(387,'2020-05-24 06:43:26.755829','207','www.whjianzhi.com',3,'',9,3),(388,'2020-05-24 06:43:26.757776','206','www.sdbqq.com',3,'',9,3),(389,'2020-05-24 06:43:26.759861','205','www.zvqyLc.com',3,'',9,3),(390,'2020-05-24 06:43:26.761978','204','www.mLqmw.com',3,'',9,3),(391,'2020-05-24 06:43:26.763900','203','www.pingyuanxian.com',3,'',9,3),(392,'2020-05-24 06:43:26.765977','202','www.qLtgw.com',3,'',9,3),(393,'2020-05-24 06:43:26.767855','164','miutui.yxgj5555.com',3,'',9,3),(394,'2020-05-24 06:43:26.769760','163','guioi.yxgj333.com',3,'',9,3),(395,'2020-05-24 06:43:26.771646','159','huw.sherlockfiregame.com',3,'',9,3),(396,'2020-05-24 06:43:26.773704','158','dashawn.sherlockfiregame.com',3,'',9,3),(397,'2020-05-24 06:43:26.775728','147','nmani.fookgame.com',3,'',9,3),(398,'2020-05-24 06:43:26.777644','141','leiut.wubaonet.com',3,'',9,3),(399,'2020-05-24 06:43:26.779680','121','hotor.juejin360.com',3,'',9,3),(400,'2020-05-24 06:43:26.781573','116','groil.baobeibike.com',3,'',9,3),(401,'2020-05-24 06:43:26.783437','92','kioro.baoxiaoliang.com',3,'',9,3),(402,'2020-05-24 06:43:26.785346','88','loirt.pingyuanxian.com',3,'',9,3),(403,'2020-05-24 06:43:26.787318','86','zuiro.pingyuanxian.com',3,'',9,3),(404,'2020-05-24 06:43:26.789218','85','doiur.qltgw.com',3,'',9,3),(405,'2020-05-24 06:43:26.791096','83','retio.qltgw.com',3,'',9,3),(406,'2020-05-24 06:43:26.792989','81','gutou.zvqylc.com',3,'',9,3),(407,'2020-05-24 06:43:26.794865','80','suuib.zvqylc.com',3,'',9,3),(408,'2020-05-24 06:43:26.796713','44','lineo.shengweilan.com',3,'',9,3),(409,'2020-05-24 06:46:05.071596','247','7z9m.cn',1,'[{\"added\": {}}]',9,3),(410,'2020-05-24 06:46:13.590885','248','4w6g.cn',1,'[{\"added\": {}}]',9,3),(411,'2020-05-24 06:46:24.103209','249','3w1e.cn',1,'[{\"added\": {}}]',9,3),(412,'2020-05-24 06:46:39.279388','250','3r9f.cn',1,'[{\"added\": {}}]',9,3),(413,'2020-05-24 06:46:48.671664','251','2i4f.cn',1,'[{\"added\": {}}]',9,3),(414,'2020-05-24 06:48:59.061544','252','9u7p.cn',1,'[{\"added\": {}}]',9,3),(415,'2020-05-24 06:49:09.878059','253','sv8r.cn',1,'[{\"added\": {}}]',9,3),(416,'2020-05-24 06:49:19.796119','254','z97o.cn',1,'[{\"added\": {}}]',9,3),(417,'2020-05-24 06:49:29.201904','255','kukb.cn',1,'[{\"added\": {}}]',9,3),(418,'2020-05-24 06:49:40.107263','256','twua.cn',1,'[{\"added\": {}}]',9,3),(419,'2020-05-24 06:52:45.527690','257','wkud.cn',1,'[{\"added\": {}}]',9,3),(420,'2020-05-24 06:53:00.483859','258','wncu.cn',1,'[{\"added\": {}}]',9,3),(421,'2020-05-24 06:53:10.034191','259','uube.top',1,'[{\"added\": {}}]',9,3),(422,'2020-05-24 06:53:19.957452','260','e07i.cn',1,'[{\"added\": {}}]',9,3),(423,'2020-05-24 06:53:30.553979','261','0tph.cn',1,'[{\"added\": {}}]',9,3),(424,'2020-05-24 06:55:37.036479','262','vror.cn',1,'[{\"added\": {}}]',9,3),(425,'2020-05-24 06:55:49.044494','263','ogga.cn',1,'[{\"added\": {}}]',9,3),(426,'2020-05-24 06:55:59.652230','264','un01.cn',1,'[{\"added\": {}}]',9,3),(427,'2020-05-24 06:56:08.761830','265','j06u.cn',1,'[{\"added\": {}}]',9,3),(428,'2020-05-24 06:56:18.374815','266','9ysb.cn',1,'[{\"added\": {}}]',9,3),(429,'2020-05-24 07:16:45.186622','267','www.fookgame.com',1,'[{\"added\": {}}]',9,3),(430,'2020-05-24 07:21:02.900035','268','www.haunhue.com',1,'[{\"added\": {}}]',9,3),(431,'2020-05-24 07:27:28.241880','269','www.syjtfy.com',1,'[{\"added\": {}}]',9,3),(432,'2020-05-24 07:27:35.747381','270','www.bhcygl.com',1,'[{\"added\": {}}]',9,3),(433,'2020-05-24 07:27:43.776123','271','www.xkbet8.com',1,'[{\"added\": {}}]',9,3),(434,'2020-05-24 07:48:27.959677','272','www.kksgw.com',1,'[{\"added\": {}}]',9,3),(435,'2020-05-24 07:52:20.858477','273','www.shgmfs.com',1,'[{\"added\": {}}]',9,3),(436,'2020-05-24 07:52:31.105642','274','www.ntmfxy.com',1,'[{\"added\": {}}]',9,3),(437,'2020-05-24 09:03:27.854397','275','www.qLtgw.com',1,'[{\"added\": {}}]',9,3),(438,'2020-05-24 09:03:37.698823','276','www.pingyuanxian.com',1,'[{\"added\": {}}]',9,3),(439,'2020-05-24 09:03:44.833442','277','www.mLqmw.com',1,'[{\"added\": {}}]',9,3),(440,'2020-05-24 09:03:52.369223','278','www.zvqyLc.com',1,'[{\"added\": {}}]',9,3),(441,'2020-05-24 09:04:03.913622','279','www.sdbqq.com',1,'[{\"added\": {}}]',9,3),(442,'2020-05-24 09:04:13.077620','280','www.whjianzhi.com',1,'[{\"added\": {}}]',9,3),(443,'2020-05-24 09:04:20.443895','281','www.pyrshg.com',1,'[{\"added\": {}}]',9,3),(444,'2020-05-24 09:04:29.099845','282','www.keLai0373.com',1,'[{\"added\": {}}]',9,3),(445,'2020-05-24 09:05:36.223604','283','www.gameir.cn',1,'[{\"added\": {}}]',9,3),(446,'2020-05-24 10:10:34.541718','284','www.qcsxw.com',1,'[{\"added\": {}}]',9,3),(447,'2020-05-24 10:10:47.821923','284','www.qcsxw.com',2,'[{\"changed\": {\"fields\": [\"\\u57df\\u540d\\u6240\\u5c5e\"]}}]',9,3),(448,'2020-05-26 03:58:18.592654','285','szdhwh.com',1,'[{\"added\": {}}]',9,3),(449,'2020-05-26 03:58:26.177675','286','fjmsce.com',1,'[{\"added\": {}}]',9,3),(450,'2020-05-26 03:58:40.260805','287','ecvluq.com',1,'[{\"added\": {}}]',9,3),(451,'2020-05-26 03:58:47.633536','288','mojofriend.com',1,'[{\"added\": {}}]',9,3),(452,'2020-05-26 03:58:54.130686','289','469399.com',1,'[{\"added\": {}}]',9,3),(453,'2020-05-26 03:59:01.441153','290','148399.com',1,'[{\"added\": {}}]',9,3),(454,'2020-05-26 04:31:49.167371','291','kioro.baoxiaoliang.com',1,'[{\"added\": {}}]',9,3);
/*!40000 ALTER TABLE `django_admin_log` ENABLE KEYS */;
UNLOCK TABLES;

--
-- Table structure for table `django_content_type`
--

DROP TABLE IF EXISTS `django_content_type`;
/*!40101 SET @saved_cs_client     = @@character_set_client */;
/*!40101 SET character_set_client = utf8 */;
CREATE TABLE `django_content_type` (
  `id` int(11) NOT NULL AUTO_INCREMENT,
  `app_label` varchar(100) NOT NULL,
  `model` varchar(100) NOT NULL,
  PRIMARY KEY (`id`),
  UNIQUE KEY `django_content_type_app_label_model_76bd3d3b_uniq` (`app_label`,`model`)
) ENGINE=MyISAM AUTO_INCREMENT=15 DEFAULT CHARSET=utf8;
/*!40101 SET character_set_client = @saved_cs_client */;

--
-- Dumping data for table `django_content_type`
--

LOCK TABLES `django_content_type` WRITE;
/*!40000 ALTER TABLE `django_content_type` DISABLE KEYS */;
INSERT INTO `django_content_type` VALUES (1,'admin','logentry'),(2,'auth','permission'),(3,'auth','group'),(4,'contenttypes','contenttype'),(5,'sessions','session'),(6,'guardian','groupobjectpermission'),(7,'guardian','userobjectpermission'),(8,'module_user','firegameuser'),(9,'module_website','domain'),(10,'module_website','domaincontact'),(11,'module_website','statistics'),(12,'module_website','domainconfig'),(13,'module_website','floorpage'),(14,'module_website','websiteserver');
/*!40000 ALTER TABLE `django_content_type` ENABLE KEYS */;
UNLOCK TABLES;

--
-- Table structure for table `django_migrations`
--

DROP TABLE IF EXISTS `django_migrations`;
/*!40101 SET @saved_cs_client     = @@character_set_client */;
/*!40101 SET character_set_client = utf8 */;
CREATE TABLE `django_migrations` (
  `id` int(11) NOT NULL AUTO_INCREMENT,
  `app` varchar(255) NOT NULL,
  `name` varchar(255) NOT NULL,
  `applied` datetime(6) NOT NULL,
  PRIMARY KEY (`id`)
) ENGINE=MyISAM AUTO_INCREMENT=34 DEFAULT CHARSET=utf8;
/*!40101 SET character_set_client = @saved_cs_client */;

--
-- Dumping data for table `django_migrations`
--

LOCK TABLES `django_migrations` WRITE;
/*!40000 ALTER TABLE `django_migrations` DISABLE KEYS */;
INSERT INTO `django_migrations` VALUES (1,'contenttypes','0001_initial','2020-05-06 08:53:17.577019'),(2,'contenttypes','0002_remove_content_type_name','2020-05-06 08:53:17.813886'),(3,'auth','0001_initial','2020-05-06 08:53:18.079448'),(4,'auth','0002_alter_permission_name_max_length','2020-05-06 08:53:18.954242'),(5,'auth','0003_alter_user_email_max_length','2020-05-06 08:53:18.969835'),(6,'auth','0004_alter_user_username_opts','2020-05-06 08:53:18.969835'),(7,'auth','0005_alter_user_last_login_null','2020-05-06 08:53:18.969835'),(8,'auth','0006_require_contenttypes_0002','2020-05-06 08:53:18.969835'),(9,'auth','0007_alter_validators_add_error_messages','2020-05-06 08:53:18.985456'),(10,'auth','0008_alter_user_username_max_length','2020-05-06 08:53:18.985456'),(11,'auth','0009_alter_user_last_name_max_length','2020-05-06 08:53:18.985456'),(12,'auth','0010_alter_group_name_max_length','2020-05-06 08:53:19.094805'),(13,'auth','0011_update_proxy_permissions','2020-05-06 08:53:19.094805'),(14,'module_user','0001_initial','2020-05-06 08:53:19.485366'),(15,'admin','0001_initial','2020-05-06 08:53:21.256949'),(16,'admin','0002_logentry_remove_auto_add','2020-05-06 08:53:21.862034'),(17,'admin','0003_logentry_add_action_flag_choices','2020-05-06 08:53:21.877627'),(18,'guardian','0001_initial','2020-05-06 08:53:22.433146'),(19,'guardian','0002_generic_permissions_index','2020-05-06 08:53:23.818991'),(20,'module_user','0002_auto_20200506_1653','2020-05-06 08:53:24.092260'),(21,'sessions','0001_initial','2020-05-06 08:53:24.179027'),(22,'module_user','0003_auto_20200506_1703','2020-05-06 09:03:33.618260'),(23,'module_website','0001_initial','2020-05-06 10:55:45.383794'),(24,'module_website','0002_domainconfig_floorpage','2020-05-07 06:01:23.666945'),(25,'module_website','0003_domainconfig_is_save_service_info','2020-05-07 06:08:10.863984'),(26,'module_website','0004_auto_20200507_1638','2020-05-07 08:38:58.627973'),(27,'module_website','0005_websiteserver','2020-05-08 01:21:07.648277'),(28,'module_website','0006_domain_host','2020-05-08 01:35:13.888114'),(29,'module_website','0007_auto_20200513_1418','2020-05-13 06:18:11.468845'),(30,'module_website','0008_auto_20200513_1420','2020-05-13 06:21:01.862477'),(31,'module_website','0009_auto_20200514_1010','2020-05-14 02:10:32.234453'),(32,'module_website','0010_websiteserver_www_root','2020-05-15 06:40:40.298126'),(33,'module_website','0011_auto_20200522_0836','2020-05-22 08:36:44.539863');
/*!40000 ALTER TABLE `django_migrations` ENABLE KEYS */;
UNLOCK TABLES;

--
-- Table structure for table `django_session`
--

DROP TABLE IF EXISTS `django_session`;
/*!40101 SET @saved_cs_client     = @@character_set_client */;
/*!40101 SET character_set_client = utf8 */;
CREATE TABLE `django_session` (
  `session_key` varchar(40) NOT NULL,
  `session_data` longtext NOT NULL,
  `expire_date` datetime(6) NOT NULL,
  PRIMARY KEY (`session_key`),
  KEY `django_session_expire_date_a5c62663` (`expire_date`)
) ENGINE=MyISAM DEFAULT CHARSET=utf8;
/*!40101 SET character_set_client = @saved_cs_client */;

--
-- Dumping data for table `django_session`
--

LOCK TABLES `django_session` WRITE;
/*!40000 ALTER TABLE `django_session` DISABLE KEYS */;
INSERT INTO `django_session` VALUES ('c0j3b49sk7zz8mdagahmt81iz5m8t61c','ZTUwM2M5NmYyYzQ2MjcxZWI2MGY1YTcwMThjYzA0ODczMDFhNGU2Mjp7Il9hdXRoX3VzZXJfaWQiOiIzIiwiX2F1dGhfdXNlcl9iYWNrZW5kIjoiZGphbmdvLmNvbnRyaWIuYXV0aC5iYWNrZW5kcy5Nb2RlbEJhY2tlbmQiLCJfYXV0aF91c2VyX2hhc2giOiI2MmViYTk1ZGU4NDgzMzQwMWExNjdmNTQyMzUxZGRhMTNiYzc1NTMyIn0=','2020-05-20 10:32:03.464869'),('6sj6erc9swhh2fc31wn35d0z3w87ytlf','ZTUwM2M5NmYyYzQ2MjcxZWI2MGY1YTcwMThjYzA0ODczMDFhNGU2Mjp7Il9hdXRoX3VzZXJfaWQiOiIzIiwiX2F1dGhfdXNlcl9iYWNrZW5kIjoiZGphbmdvLmNvbnRyaWIuYXV0aC5iYWNrZW5kcy5Nb2RlbEJhY2tlbmQiLCJfYXV0aF91c2VyX2hhc2giOiI2MmViYTk1ZGU4NDgzMzQwMWExNjdmNTQyMzUxZGRhMTNiYzc1NTMyIn0=','2020-05-21 10:47:59.592738'),('a67vz9kthb22doypuewbcvlapgmim4a2','ZTUwM2M5NmYyYzQ2MjcxZWI2MGY1YTcwMThjYzA0ODczMDFhNGU2Mjp7Il9hdXRoX3VzZXJfaWQiOiIzIiwiX2F1dGhfdXNlcl9iYWNrZW5kIjoiZGphbmdvLmNvbnRyaWIuYXV0aC5iYWNrZW5kcy5Nb2RlbEJhY2tlbmQiLCJfYXV0aF91c2VyX2hhc2giOiI2MmViYTk1ZGU4NDgzMzQwMWExNjdmNTQyMzUxZGRhMTNiYzc1NTMyIn0=','2020-05-22 01:14:10.298307'),('6gbh84t1hhtv6ytvio7a5eqtfnju90n7','ZTUwM2M5NmYyYzQ2MjcxZWI2MGY1YTcwMThjYzA0ODczMDFhNGU2Mjp7Il9hdXRoX3VzZXJfaWQiOiIzIiwiX2F1dGhfdXNlcl9iYWNrZW5kIjoiZGphbmdvLmNvbnRyaWIuYXV0aC5iYWNrZW5kcy5Nb2RlbEJhY2tlbmQiLCJfYXV0aF91c2VyX2hhc2giOiI2MmViYTk1ZGU4NDgzMzQwMWExNjdmNTQyMzUxZGRhMTNiYzc1NTMyIn0=','2020-05-23 07:01:34.751802'),('jb708prbdc062ln81m0c3271in6982og','ZTUwM2M5NmYyYzQ2MjcxZWI2MGY1YTcwMThjYzA0ODczMDFhNGU2Mjp7Il9hdXRoX3VzZXJfaWQiOiIzIiwiX2F1dGhfdXNlcl9iYWNrZW5kIjoiZGphbmdvLmNvbnRyaWIuYXV0aC5iYWNrZW5kcy5Nb2RlbEJhY2tlbmQiLCJfYXV0aF91c2VyX2hhc2giOiI2MmViYTk1ZGU4NDgzMzQwMWExNjdmNTQyMzUxZGRhMTNiYzc1NTMyIn0=','2020-05-23 07:10:45.023729'),('viowedi8pumnzh4qkbsxeq7g8t5ebfxx','ZTUwM2M5NmYyYzQ2MjcxZWI2MGY1YTcwMThjYzA0ODczMDFhNGU2Mjp7Il9hdXRoX3VzZXJfaWQiOiIzIiwiX2F1dGhfdXNlcl9iYWNrZW5kIjoiZGphbmdvLmNvbnRyaWIuYXV0aC5iYWNrZW5kcy5Nb2RlbEJhY2tlbmQiLCJfYXV0aF91c2VyX2hhc2giOiI2MmViYTk1ZGU4NDgzMzQwMWExNjdmNTQyMzUxZGRhMTNiYzc1NTMyIn0=','2020-05-26 05:34:39.096252'),('66mnw14umjm8glq90uflg0yjoapsarfn','ZTUwM2M5NmYyYzQ2MjcxZWI2MGY1YTcwMThjYzA0ODczMDFhNGU2Mjp7Il9hdXRoX3VzZXJfaWQiOiIzIiwiX2F1dGhfdXNlcl9iYWNrZW5kIjoiZGphbmdvLmNvbnRyaWIuYXV0aC5iYWNrZW5kcy5Nb2RlbEJhY2tlbmQiLCJfYXV0aF91c2VyX2hhc2giOiI2MmViYTk1ZGU4NDgzMzQwMWExNjdmNTQyMzUxZGRhMTNiYzc1NTMyIn0=','2020-05-26 05:34:42.598747'),('8flqz9zw2g1i9oyfsmoj3bbhjshqgz6y','ZTUwM2M5NmYyYzQ2MjcxZWI2MGY1YTcwMThjYzA0ODczMDFhNGU2Mjp7Il9hdXRoX3VzZXJfaWQiOiIzIiwiX2F1dGhfdXNlcl9iYWNrZW5kIjoiZGphbmdvLmNvbnRyaWIuYXV0aC5iYWNrZW5kcy5Nb2RlbEJhY2tlbmQiLCJfYXV0aF91c2VyX2hhc2giOiI2MmViYTk1ZGU4NDgzMzQwMWExNjdmNTQyMzUxZGRhMTNiYzc1NTMyIn0=','2020-05-26 06:20:08.784293'),('7l2wb4kr3ajeqeirhztpv7phtxuf9q0n','MjIyMTlhODllZGZjMjAzY2IzYmYyNmVmMmM4MTE0NzI2MmY4MzU3ODp7Il9hdXRoX3VzZXJfaWQiOiI1IiwiX2F1dGhfdXNlcl9iYWNrZW5kIjoiZGphbmdvLmNvbnRyaWIuYXV0aC5iYWNrZW5kcy5Nb2RlbEJhY2tlbmQiLCJfYXV0aF91c2VyX2hhc2giOiJkNmRlYzk2YWM1ZmJmZmY2YzQxNzgyOTUzMDNiNTY0MWFiNGQwZDE4In0=','2020-05-26 10:29:40.270189'),('eglloz07d9e6ohzvtn3ca0jhmvs6mbqi','ZTUwM2M5NmYyYzQ2MjcxZWI2MGY1YTcwMThjYzA0ODczMDFhNGU2Mjp7Il9hdXRoX3VzZXJfaWQiOiIzIiwiX2F1dGhfdXNlcl9iYWNrZW5kIjoiZGphbmdvLmNvbnRyaWIuYXV0aC5iYWNrZW5kcy5Nb2RlbEJhY2tlbmQiLCJfYXV0aF91c2VyX2hhc2giOiI2MmViYTk1ZGU4NDgzMzQwMWExNjdmNTQyMzUxZGRhMTNiYzc1NTMyIn0=','2020-05-27 07:18:00.978011'),('j8ess73b9dnh155lp5x1wecasp949i5u','MjAxNzMxOWYyZWFmYWI2MGUxMWM4Mzg2NjU5YzE1ODY3NTJlNzZiOTp7Il9hdXRoX3VzZXJfaWQiOiI3IiwiX2F1dGhfdXNlcl9iYWNrZW5kIjoiZGphbmdvLmNvbnRyaWIuYXV0aC5iYWNrZW5kcy5Nb2RlbEJhY2tlbmQiLCJfYXV0aF91c2VyX2hhc2giOiJlYWMzNWE1N2IyZTMzMjQ1ZWYwNjY4NWVkYWU0ZjBjZDU4YzIwNTc1In0=','2020-05-27 02:59:49.409622'),('v07a75484l2557olfucm2o86tyxqd925','NGQyYTFmZDZhMjk1NzY5ZWE0NWNmOWQ0OTBjZjk4MzUwNmI0ZTM3Njp7Il9hdXRoX3VzZXJfaWQiOiI5IiwiX2F1dGhfdXNlcl9iYWNrZW5kIjoiZGphbmdvLmNvbnRyaWIuYXV0aC5iYWNrZW5kcy5Nb2RlbEJhY2tlbmQiLCJfYXV0aF91c2VyX2hhc2giOiJjODJkYmNlMDQyODNjZTczNTg3ZTExNmMzMDA4MDJlZTk1ZTkzOWM1In0=','2020-05-27 08:21:00.568282'),('2pgb64mdkb18nx3vj5x8uyit5kf9ldqv','YzJiMDVlZWQ4YTE3NWNkZDhlMjk1ZjJkMzIyMGRkZDY2MTY4MGVhZTp7Il9hdXRoX3VzZXJfaWQiOiIxMSIsIl9hdXRoX3VzZXJfYmFja2VuZCI6ImRqYW5nby5jb250cmliLmF1dGguYmFja2VuZHMuTW9kZWxCYWNrZW5kIiwiX2F1dGhfdXNlcl9oYXNoIjoiM2IxN2Y0MTE3MTlhZGIyMTExY2I2YTA4ZGNlNjc1YTNlMzI5YWFlMiJ9','2020-05-27 07:15:08.005886'),('j92l27jlbxrpbs493licf43k4d3e6ifb','OGFhYjQzZGNjMzAwMjVmYTg3NjA1MTdkZjA2ODIyYWM2NzQ3OTdmNTp7Il9hdXRoX3VzZXJfaWQiOiIxMCIsIl9hdXRoX3VzZXJfYmFja2VuZCI6ImRqYW5nby5jb250cmliLmF1dGguYmFja2VuZHMuTW9kZWxCYWNrZW5kIiwiX2F1dGhfdXNlcl9oYXNoIjoiOTg4N2YwOTM2MGQyODQzZTgwZTIwNjdmNjlhMzY4ZmJjNTdjZDg1NSJ9','2020-05-27 07:05:51.407510'),('fpu3iosliuz5uyzekq5qj9y4jc89cxys','NWNlZDhkODE5ZGI5NjJjM2NlOTE5ZGYxN2QzYmRkNzRmODk2OWYzMzp7Il9hdXRoX3VzZXJfaWQiOiIxMiIsIl9hdXRoX3VzZXJfYmFja2VuZCI6ImRqYW5nby5jb250cmliLmF1dGguYmFja2VuZHMuTW9kZWxCYWNrZW5kIiwiX2F1dGhfdXNlcl9oYXNoIjoiMzQzYjI1NTBjMTI3NmUxZGQyMDQyMzFmMmNjODZlN2VlMzEyNTQzYSJ9','2020-05-27 06:59:44.193808'),('pyyq4ocoo6ud67sx1y5ojjdcia6itgeq','ZTUwM2M5NmYyYzQ2MjcxZWI2MGY1YTcwMThjYzA0ODczMDFhNGU2Mjp7Il9hdXRoX3VzZXJfaWQiOiIzIiwiX2F1dGhfdXNlcl9iYWNrZW5kIjoiZGphbmdvLmNvbnRyaWIuYXV0aC5iYWNrZW5kcy5Nb2RlbEJhY2tlbmQiLCJfYXV0aF91c2VyX2hhc2giOiI2MmViYTk1ZGU4NDgzMzQwMWExNjdmNTQyMzUxZGRhMTNiYzc1NTMyIn0=','2020-05-27 07:06:21.196126'),('m1vemprliivqa2sqte6y4xfmrsxql6sx','ZTUwM2M5NmYyYzQ2MjcxZWI2MGY1YTcwMThjYzA0ODczMDFhNGU2Mjp7Il9hdXRoX3VzZXJfaWQiOiIzIiwiX2F1dGhfdXNlcl9iYWNrZW5kIjoiZGphbmdvLmNvbnRyaWIuYXV0aC5iYWNrZW5kcy5Nb2RlbEJhY2tlbmQiLCJfYXV0aF91c2VyX2hhc2giOiI2MmViYTk1ZGU4NDgzMzQwMWExNjdmNTQyMzUxZGRhMTNiYzc1NTMyIn0=','2020-05-29 05:51:04.415409'),('6gi5dpjer88fzzzkjk1i9lir2tvon79g','ZTUwM2M5NmYyYzQ2MjcxZWI2MGY1YTcwMThjYzA0ODczMDFhNGU2Mjp7Il9hdXRoX3VzZXJfaWQiOiIzIiwiX2F1dGhfdXNlcl9iYWNrZW5kIjoiZGphbmdvLmNvbnRyaWIuYXV0aC5iYWNrZW5kcy5Nb2RlbEJhY2tlbmQiLCJfYXV0aF91c2VyX2hhc2giOiI2MmViYTk1ZGU4NDgzMzQwMWExNjdmNTQyMzUxZGRhMTNiYzc1NTMyIn0=','2020-05-28 09:38:41.365142'),('b47ojmh21nkt86khkib27jv8beitqhfk','ZjQyMWMxZmFiOTliOTMxYjliZDg2ZjZiODU4NzBkZmY2MTYzMmUwYjp7Il9hdXRoX3VzZXJfaWQiOiIxMyIsIl9hdXRoX3VzZXJfYmFja2VuZCI6ImRqYW5nby5jb250cmliLmF1dGguYmFja2VuZHMuTW9kZWxCYWNrZW5kIiwiX2F1dGhfdXNlcl9oYXNoIjoiZDcxOGEzYmM1NDM0MjlkY2Y1NmExZWM1ZGY3NTMyYTcwNDJmM2Y1MyJ9','2020-05-29 01:21:45.779850'),('0ia3mlnlpb31a1gykzi1qgvj7lqbofr6','ZTUwM2M5NmYyYzQ2MjcxZWI2MGY1YTcwMThjYzA0ODczMDFhNGU2Mjp7Il9hdXRoX3VzZXJfaWQiOiIzIiwiX2F1dGhfdXNlcl9iYWNrZW5kIjoiZGphbmdvLmNvbnRyaWIuYXV0aC5iYWNrZW5kcy5Nb2RlbEJhY2tlbmQiLCJfYXV0aF91c2VyX2hhc2giOiI2MmViYTk1ZGU4NDgzMzQwMWExNjdmNTQyMzUxZGRhMTNiYzc1NTMyIn0=','2020-05-28 11:06:27.714137');
/*!40000 ALTER TABLE `django_session` ENABLE KEYS */;
UNLOCK TABLES;

--
-- Table structure for table `guardian_groupobjectpermission`
--

DROP TABLE IF EXISTS `guardian_groupobjectpermission`;
/*!40101 SET @saved_cs_client     = @@character_set_client */;
/*!40101 SET character_set_client = utf8 */;
CREATE TABLE `guardian_groupobjectpermission` (
  `id` int(11) NOT NULL AUTO_INCREMENT,
  `object_pk` varchar(255) NOT NULL,
  `content_type_id` int(11) NOT NULL,
  `group_id` int(11) NOT NULL,
  `permission_id` int(11) NOT NULL,
  PRIMARY KEY (`id`),
  UNIQUE KEY `guardian_groupobjectperm_group_id_permission_id_o_3f189f7c_uniq` (`group_id`,`permission_id`,`object_pk`),
  KEY `guardian_groupobjectpermission_content_type_id_7ade36b8` (`content_type_id`),
  KEY `guardian_groupobjectpermission_group_id_4bbbfb62` (`group_id`),
  KEY `guardian_groupobjectpermission_permission_id_36572738` (`permission_id`),
  KEY `guardian_gr_content_ae6aec_idx` (`content_type_id`,`object_pk`)
) ENGINE=MyISAM DEFAULT CHARSET=utf8;
/*!40101 SET character_set_client = @saved_cs_client */;

--
-- Dumping data for table `guardian_groupobjectpermission`
--

LOCK TABLES `guardian_groupobjectpermission` WRITE;
/*!40000 ALTER TABLE `guardian_groupobjectpermission` DISABLE KEYS */;
/*!40000 ALTER TABLE `guardian_groupobjectpermission` ENABLE KEYS */;
UNLOCK TABLES;

--
-- Table structure for table `guardian_userobjectpermission`
--

DROP TABLE IF EXISTS `guardian_userobjectpermission`;
/*!40101 SET @saved_cs_client     = @@character_set_client */;
/*!40101 SET character_set_client = utf8 */;
CREATE TABLE `guardian_userobjectpermission` (
  `id` int(11) NOT NULL AUTO_INCREMENT,
  `object_pk` varchar(255) NOT NULL,
  `content_type_id` int(11) NOT NULL,
  `permission_id` int(11) NOT NULL,
  `user_id` int(11) NOT NULL,
  PRIMARY KEY (`id`),
  UNIQUE KEY `guardian_userobjectpermi_user_id_permission_id_ob_b0b3d2fc_uniq` (`user_id`,`permission_id`,`object_pk`),
  KEY `guardian_userobjectpermission_content_type_id_2e892405` (`content_type_id`),
  KEY `guardian_userobjectpermission_permission_id_71807bfc` (`permission_id`),
  KEY `guardian_userobjectpermission_user_id_d5c1e964` (`user_id`),
  KEY `guardian_us_content_179ed2_idx` (`content_type_id`,`object_pk`)
) ENGINE=MyISAM DEFAULT CHARSET=utf8;
/*!40101 SET character_set_client = @saved_cs_client */;

--
-- Dumping data for table `guardian_userobjectpermission`
--

LOCK TABLES `guardian_userobjectpermission` WRITE;
/*!40000 ALTER TABLE `guardian_userobjectpermission` DISABLE KEYS */;
/*!40000 ALTER TABLE `guardian_userobjectpermission` ENABLE KEYS */;
UNLOCK TABLES;

--
-- Table structure for table `module_user_firegameuser`
--

DROP TABLE IF EXISTS `module_user_firegameuser`;
/*!40101 SET @saved_cs_client     = @@character_set_client */;
/*!40101 SET character_set_client = utf8 */;
CREATE TABLE `module_user_firegameuser` (
  `id` int(11) NOT NULL AUTO_INCREMENT,
  `password` varchar(128) NOT NULL,
  `last_login` datetime(6) DEFAULT NULL,
  `is_superuser` tinyint(1) NOT NULL,
  `created` datetime(6) NOT NULL,
  `modified` datetime(6) NOT NULL,
  `username` varchar(32) NOT NULL,
  `email` varchar(255) NOT NULL,
  `date_of_birth` date DEFAULT NULL,
  `headshot` varchar(100) NOT NULL,
  `height` int(10) unsigned DEFAULT NULL,
  `width` int(10) unsigned DEFAULT NULL,
  `is_active` tinyint(1) NOT NULL,
  `is_admin` tinyint(1) NOT NULL,
  PRIMARY KEY (`id`),
  UNIQUE KEY `module_user_firegameuser_username_01a750c6_uniq` (`username`)
) ENGINE=MyISAM AUTO_INCREMENT=15 DEFAULT CHARSET=utf8;
/*!40101 SET character_set_client = @saved_cs_client */;

--
-- Dumping data for table `module_user_firegameuser`
--

LOCK TABLES `module_user_firegameuser` WRITE;
/*!40000 ALTER TABLE `module_user_firegameuser` DISABLE KEYS */;
INSERT INTO `module_user_firegameuser` VALUES (1,'!OaencJbBFzXFhydIrOayy6nBETaLXd3mP3TnYLKI',NULL,0,'2020-05-06 08:53:24.384478','2020-05-06 08:53:24.384478','AnonymousUser','',NULL,'',NULL,NULL,1,0),(3,'pbkdf2_sha256$180000$0pu5n3OyC4OB$OfUEjmPQQDbfi6yalRbnVZHOJnwTFNdAO65AnAYJzOA=','2020-05-24 09:04:39.040485',1,'2020-05-06 09:03:43.313736','2020-05-15 06:55:25.302227','superadmin','',NULL,'',NULL,NULL,1,1),(9,'pbkdf2_sha256$180000$5EshP3HkUOa5$E/Fzh8gtXU2Vuy8zJz/jKvo0hUeam5JHD03EJpI4jpE=','2020-05-15 07:26:38.068853',0,'2020-05-13 06:51:33.730801','2020-05-13 06:51:33.730801','许晓宁','',NULL,'',NULL,NULL,1,0),(10,'pbkdf2_sha256$180000$FPLogWPMe3xc$uZ3YXqSm2QsMtAw1bnD3UTUUUKotk1zrMP/Gp7KC6aE=','2020-05-15 06:59:23.154996',0,'2020-05-13 06:52:15.360711','2020-05-13 07:05:24.570675','钟妍','',NULL,'',NULL,NULL,1,0),(11,'pbkdf2_sha256$180000$zd4JD5FyCXhQ$zVwjoLmNcYB5LmTqke2lePFrKDRgEF2Z8jER14ubquo=','2020-05-15 06:58:50.564812',0,'2020-05-13 06:52:36.497688','2020-05-13 06:52:36.497688','方逸恒','',NULL,'',NULL,NULL,1,0),(12,'pbkdf2_sha256$180000$AjOCRHI0ZoIn$FP6iND8zPdjGhFLrl0cyS/oMcC24z2xjrUzd3uyGTFE=','2020-05-15 06:57:54.768993',0,'2020-05-13 06:52:47.362253','2020-05-13 06:52:47.363248','桂畅涛','',NULL,'',NULL,NULL,1,0),(13,'pbkdf2_sha256$180000$vJxe2JBumAYn$YaxuFutYWxm/3uNHjJLBNZnXZPirbFP2hUK4AhYrODA=','2020-05-16 07:20:43.595537',0,'2020-05-15 01:06:48.634160','2020-05-15 01:21:33.918646','韩力','',NULL,'',NULL,NULL,1,0),(14,'pbkdf2_sha256$180000$HlxqtgpuEHbv$HnoBX+LTIHepYviZCjIc6tUq4xMRza7LWsfW+OkMriE=','2020-05-24 09:05:45.108890',0,'2020-05-15 06:46:45.921054','2020-05-15 06:47:02.017442','FireGame','',NULL,'',NULL,NULL,1,0);
/*!40000 ALTER TABLE `module_user_firegameuser` ENABLE KEYS */;
UNLOCK TABLES;

--
-- Table structure for table `module_user_firegameuser_groups`
--

DROP TABLE IF EXISTS `module_user_firegameuser_groups`;
/*!40101 SET @saved_cs_client     = @@character_set_client */;
/*!40101 SET character_set_client = utf8 */;
CREATE TABLE `module_user_firegameuser_groups` (
  `id` int(11) NOT NULL AUTO_INCREMENT,
  `firegameuser_id` int(11) NOT NULL,
  `group_id` int(11) NOT NULL,
  PRIMARY KEY (`id`),
  UNIQUE KEY `module_user_firegameuser_firegameuser_id_group_id_3d8d3b30_uniq` (`firegameuser_id`,`group_id`),
  KEY `module_user_firegameuser_groups_firegameuser_id_f78116ed` (`firegameuser_id`),
  KEY `module_user_firegameuser_groups_group_id_1c0efa50` (`group_id`)
) ENGINE=MyISAM DEFAULT CHARSET=utf8;
/*!40101 SET character_set_client = @saved_cs_client */;

--
-- Dumping data for table `module_user_firegameuser_groups`
--

LOCK TABLES `module_user_firegameuser_groups` WRITE;
/*!40000 ALTER TABLE `module_user_firegameuser_groups` DISABLE KEYS */;
/*!40000 ALTER TABLE `module_user_firegameuser_groups` ENABLE KEYS */;
UNLOCK TABLES;

--
-- Table structure for table `module_user_firegameuser_user_permissions`
--

DROP TABLE IF EXISTS `module_user_firegameuser_user_permissions`;
/*!40101 SET @saved_cs_client     = @@character_set_client */;
/*!40101 SET character_set_client = utf8 */;
CREATE TABLE `module_user_firegameuser_user_permissions` (
  `id` int(11) NOT NULL AUTO_INCREMENT,
  `firegameuser_id` int(11) NOT NULL,
  `permission_id` int(11) NOT NULL,
  PRIMARY KEY (`id`),
  UNIQUE KEY `module_user_firegameuser_firegameuser_id_permissi_d2ec8a5f_uniq` (`firegameuser_id`,`permission_id`),
  KEY `module_user_firegameuser_us_firegameuser_id_cf2eed53` (`firegameuser_id`),
  KEY `module_user_firegameuser_user_permissions_permission_id_715bae1b` (`permission_id`)
) ENGINE=MyISAM DEFAULT CHARSET=utf8;
/*!40101 SET character_set_client = @saved_cs_client */;

--
-- Dumping data for table `module_user_firegameuser_user_permissions`
--

LOCK TABLES `module_user_firegameuser_user_permissions` WRITE;
/*!40000 ALTER TABLE `module_user_firegameuser_user_permissions` DISABLE KEYS */;
/*!40000 ALTER TABLE `module_user_firegameuser_user_permissions` ENABLE KEYS */;
UNLOCK TABLES;

--
-- Table structure for table `module_website_domain`
--

DROP TABLE IF EXISTS `module_website_domain`;
/*!40101 SET @saved_cs_client     = @@character_set_client */;
/*!40101 SET character_set_client = utf8 */;
CREATE TABLE `module_website_domain` (
  `id` int(11) NOT NULL AUTO_INCREMENT,
  `created` datetime(6) NOT NULL,
  `modified` datetime(6) NOT NULL,
  `name` varchar(255) NOT NULL,
  `email` varchar(255) DEFAULT NULL,
  `register_author` varchar(255) DEFAULT NULL,
  `register_business` varchar(255) DEFAULT NULL,
  `register_site` varchar(255) DEFAULT NULL,
  `register_date` date DEFAULT NULL,
  `update_date` date DEFAULT NULL,
  `expires_date` date DEFAULT NULL,
  `status` varchar(255) DEFAULT NULL,
  `dns` varchar(255) DEFAULT NULL,
  `host_id` int(11) DEFAULT NULL,
  `user_id` int(11) DEFAULT NULL,
  PRIMARY KEY (`id`),
  UNIQUE KEY `module_website_domain_name_85c84968_uniq` (`name`),
  KEY `module_website_domain_host_id_b4dcff0f` (`host_id`),
  KEY `module_website_domain_user_id_ff4e65d8` (`user_id`)
) ENGINE=MyISAM AUTO_INCREMENT=292 DEFAULT CHARSET=utf8;
/*!40101 SET character_set_client = @saved_cs_client */;

--
-- Dumping data for table `module_website_domain`
--

LOCK TABLES `module_website_domain` WRITE;
/*!40000 ALTER TABLE `module_website_domain` DISABLE KEYS */;
INSERT INTO `module_website_domain` VALUES (79,'2020-05-12 06:53:05.442540','2020-05-12 06:53:05.442540','tuiot.anychou.com','q@q.com','firegame','firegame','www','2020-05-12','2020-05-12','2020-05-12','ok','1.1.1.1',1,NULL),(71,'2020-05-12 06:53:05.426919','2020-05-12 06:53:05.426919','gamou.whjianzhi.com','q@q.com','firegame','firegame','www','2020-05-12','2020-05-12','2020-05-12','ok','1.1.1.1',1,NULL),(55,'2020-05-12 06:53:05.426919','2020-05-12 06:53:05.426919','asduit.syjtfy.com','q@q.com','firegame','firegame','www','2020-05-12','2020-05-12','2020-05-12','ok','1.1.1.1',1,NULL),(48,'2020-05-12 06:53:05.426919','2020-05-13 07:11:26.770424','qiuity.qcsxw.com','q@q.com','firegame','firegame','www','2020-05-12','2020-05-12','2020-05-12','ok','1.1.1.1',1,NULL),(47,'2020-05-12 06:53:05.426919','2020-05-12 06:53:05.426919','easer.nnghw.com','q@q.com','firegame','firegame','www','2020-05-12','2020-05-12','2020-05-12','ok','1.1.1.1',1,NULL),(46,'2020-05-09 07:05:26.067213','2020-05-12 06:27:33.287221','koiur.shengweilan.com','791182200@qq.com','FIREGAME','FIREGAME','WWW.FIREGAME.COM','2020-05-09','2020-05-05','2020-05-09','在线','火游互动',1,NULL),(45,'2020-05-09 07:04:58.818688','2020-05-12 06:27:40.629885','huroi.shengweilan.com','791182200@qq.com','FIREGAME','FIREGAME','WWW.FIREGAME.COM','2020-05-04','2020-05-29','2020-05-06','在线','火游互动',1,NULL),(52,'2020-05-12 06:53:05.426919','2020-05-12 06:53:05.426919','ouirt.baoxiaoliang.com','q@q.com','firegame','firegame','www','2020-05-12','2020-05-12','2020-05-12','ok','1.1.1.1',1,NULL),(49,'2020-05-12 06:53:05.426919','2020-05-12 06:53:05.426919','wewrui.qcsxw.com','q@q.com','firegame','firegame','www','2020-05-12','2020-05-12','2020-05-12','ok','1.1.1.1',1,NULL),(62,'2020-05-12 06:53:05.426919','2020-05-12 06:53:05.426919','proiut.aliyunncs.com','q@q.com','firegame','firegame','www','2020-05-12','2020-05-12','2020-05-12','ok','1.1.1.1',1,NULL),(61,'2020-05-12 06:53:05.426919','2020-05-12 06:53:05.426919','suibvc.jinyuan99.com','q@q.com','firegame','firegame','www','2020-05-12','2020-05-12','2020-05-12','ok','1.1.1.1',1,NULL),(60,'2020-05-12 06:53:05.426919','2020-05-12 06:53:05.426919','niureo.jinyuan99.com','q@q.com','firegame','firegame','www','2020-05-12','2020-05-12','2020-05-12','ok','1.1.1.1',1,NULL),(59,'2020-05-12 06:53:05.426919','2020-05-12 06:53:05.426919','mnuiro.jinyuan99.com','q@q.com','firegame','firegame','www','2020-05-12','2020-05-12','2020-05-12','ok','1.1.1.1',1,NULL),(57,'2020-05-12 06:53:05.426919','2020-05-12 06:53:05.426919','yuoiu.cpw8688.com','q@q.com','firegame','firegame','www','2020-05-12','2020-05-12','2020-05-12','ok','1.1.1.1',1,NULL),(70,'2020-05-12 06:53:05.426919','2020-05-12 06:53:05.426919','liuoy.mumstvddd.com','q@q.com','firegame','firegame','www','2020-05-12','2020-05-12','2020-05-12','ok','1.1.1.1',1,NULL),(69,'2020-05-12 06:53:05.426919','2020-05-13 07:11:51.625880','cbuir.mumstvddd.com','q@q.com','firegame','firegame','www','2020-05-12','2020-05-12','2020-05-12','ok','1.1.1.1',1,NULL),(68,'2020-05-12 06:53:05.426919','2020-05-12 06:53:05.426919','pouity.mumstvddd.com','q@q.com','firegame','firegame','www','2020-05-12','2020-05-12','2020-05-12','ok','1.1.1.1',1,NULL),(67,'2020-05-12 06:53:05.426919','2020-05-13 07:11:44.105835','xingau.mumstvccc.com','q@q.com','firegame','firegame','www','2020-05-12','2020-05-12','2020-05-12','ok','1.1.1.1',1,NULL),(66,'2020-05-12 06:53:05.426919','2020-05-12 06:53:05.426919','uiorep.mumstvccc.com','q@q.com','firegame','firegame','www','2020-05-12','2020-05-12','2020-05-12','ok','1.1.1.1',1,NULL),(65,'2020-05-12 06:53:05.426919','2020-05-12 06:53:05.426919','cvuiop.mumstvccc.com','q@q.com','firegame','firegame','www','2020-05-12','2020-05-12','2020-05-12','ok','1.1.1.1',1,NULL),(64,'2020-05-12 06:53:05.426919','2020-05-13 06:56:37.394584','uidiuo.aliyunncs.com','q@q.com','firegame','firegame','www','2020-05-12','2020-05-12','2020-05-12','ok','1.1.1.1',1,11),(78,'2020-05-12 06:53:05.442540','2020-05-12 06:53:05.442540','eruip.anychou.com','q@q.com','firegame','firegame','www','2020-05-12','2020-05-12','2020-05-12','ok','1.1.1.1',1,NULL),(77,'2020-05-12 06:53:05.442540','2020-05-13 07:11:59.956100','quiro.anychou.com','q@q.com','firegame','firegame','www','2020-05-12','2020-05-12','2020-05-12','ok','1.1.1.1',1,NULL),(76,'2020-05-12 06:53:05.442540','2020-05-19 11:18:54.660928','ghero.sdbqq.com','q@q.com','firegame','firegame','www','2020-05-12','2020-05-12','2020-05-12','ok','1.1.1.1',1,11),(75,'2020-05-12 06:53:05.442540','2020-05-13 06:56:01.915384','yuibiu.sdbqq.com','q@q.com','firegame','firegame','www','2020-05-12','2020-05-12','2020-05-12','ok','1.1.1.1',1,11),(74,'2020-05-12 06:53:05.426919','2020-05-13 06:55:48.366834','kiobiu.sdbqq.com','q@q.com','firegame','firegame','www','2020-05-12','2020-05-12','2020-05-12','ok','1.1.1.1',1,11),(73,'2020-05-12 06:53:05.426919','2020-05-12 06:53:05.426919','cuirt.whjianzhi.com','q@q.com','firegame','firegame','www','2020-05-12','2020-05-12','2020-05-12','ok','1.1.1.1',1,NULL),(84,'2020-05-12 06:53:05.442540','2020-05-12 06:53:05.442540','ruyto.qltgw.com','q@q.com','firegame','firegame','www','2020-05-12','2020-05-12','2020-05-12','ok','1.1.1.1',1,NULL),(82,'2020-05-12 06:53:05.442540','2020-05-12 06:53:05.442540','oiutu.zvqylc.com','q@q.com','firegame','firegame','www','2020-05-12','2020-05-12','2020-05-12','ok','1.1.1.1',1,NULL),(89,'2020-05-12 06:53:05.442540','2020-05-12 06:53:05.442540','ruiou.mlqmw.com','q@q.com','firegame','firegame','www','2020-05-12','2020-05-12','2020-05-12','ok','1.1.1.1',1,NULL),(91,'2020-05-12 06:53:05.442540','2020-05-12 06:53:05.442540','woriu.mlqmw.com','q@q.com','firegame','firegame','www','2020-05-12','2020-05-12','2020-05-12','ok','1.1.1.1',1,NULL),(93,'2020-05-12 06:53:05.442540','2020-05-13 06:56:45.461144','haiui.kksgw.com','q@q.com','firegame','firegame','www','2020-05-12','2020-05-12','2020-05-12','ok','1.1.1.1',1,11),(95,'2020-05-12 06:53:05.442540','2020-05-12 06:53:05.442540','linuo.cheap-gowns.com','q@q.com','firegame','firegame','www','2020-05-12','2020-05-12','2020-05-12','ok','1.1.1.1',1,NULL),(103,'2020-05-12 06:53:05.442540','2020-05-12 06:53:05.442540','ourit.chongqingweixiu.com ','q@q.com','firegame','firegame','www','2020-05-12','2020-05-12','2020-05-12','ok','1.1.1.1',1,NULL),(104,'2020-05-12 06:53:05.442540','2020-05-12 06:53:05.442540','cirit.ntmfxy.com','q@q.com','firegame','firegame','www','2020-05-12','2020-05-12','2020-05-12','ok','1.1.1.1',1,NULL),(105,'2020-05-12 06:53:05.442540','2020-05-12 06:53:05.442540','kouto.ntmfxy.com','q@q.com','firegame','firegame','www','2020-05-12','2020-05-12','2020-05-12','ok','1.1.1.1',1,NULL),(108,'2020-05-12 06:53:05.458162','2020-05-12 06:53:05.458162','runiu.steelbrightbar.com','q@q.com','firegame','firegame','www','2020-05-12','2020-05-12','2020-05-12','ok','1.1.1.1',1,NULL),(109,'2020-05-12 06:53:05.458162','2020-05-12 06:53:05.458162','moirt.steelbrightbar.com','q@q.com','firegame','firegame','www','2020-05-12','2020-05-12','2020-05-12','ok','1.1.1.1',1,NULL),(110,'2020-05-12 06:53:05.458162','2020-05-13 06:57:01.698294','iiuy.litterbitinc.com','q@q.com','firegame','firegame','www','2020-05-12','2020-05-12','2020-05-12','ok','1.1.1.1',1,11),(111,'2020-05-12 06:53:05.458162','2020-05-13 06:56:18.137545','lokiu.litterbitinc.com','q@q.com','firegame','firegame','www','2020-05-12','2020-05-12','2020-05-12','ok','1.1.1.1',1,11),(114,'2020-05-12 06:53:05.458162','2020-05-13 06:55:38.041531','biouo.scaryjohnkerry.com','q@q.com','firegame','firegame','www','2020-05-12','2020-05-12','2020-05-12','ok','1.1.1.1',1,11),(115,'2020-05-12 06:53:05.458162','2020-05-13 06:56:54.274392','ariot.scaryjohnkerry.com','q@q.com','firegame','firegame','www','2020-05-12','2020-05-12','2020-05-12','ok','1.1.1.1',1,11),(117,'2020-05-12 06:53:05.458162','2020-05-13 06:56:28.133409','forui.baobeibike.com','q@q.com','firegame','firegame','www','2020-05-12','2020-05-12','2020-05-12','ok','1.1.1.1',1,11),(119,'2020-05-12 06:53:05.458162','2020-05-12 06:53:05.458162','jourk.juejin360.com','q@q.com','firegame','firegame','www','2020-05-12','2020-05-12','2020-05-12','ok','1.1.1.1',1,NULL),(290,'2020-05-26 03:59:01.438594','2020-05-26 03:59:01.438639','148399.com',NULL,NULL,NULL,NULL,NULL,NULL,NULL,NULL,NULL,1,13),(291,'2020-05-26 04:31:49.164759','2020-05-26 04:31:49.164804','kioro.baoxiaoliang.com',NULL,NULL,NULL,NULL,NULL,NULL,NULL,NULL,NULL,1,13),(123,'2020-05-12 06:53:05.458162','2020-05-18 07:54:15.046040','biudi.shmcgs.com','791182200@qq.com','firegame','firegame','www.firgame.com','2020-05-12','2020-05-12','2020-05-12','true','192.168.1.1',1,14),(125,'2020-05-12 06:53:05.458162','2020-05-12 06:53:05.458162','diuor.nihaozaijian.com','q@q.com','firegame','firegame','www','2020-05-12','2020-05-12','2020-05-12','ok','1.1.1.1',1,NULL),(127,'2020-05-12 06:53:05.458162','2020-05-12 06:53:05.458162','godio.nihaozaijian.com','q@q.com','firegame','firegame','www','2020-05-12','2020-05-12','2020-05-12','ok','1.1.1.1',1,NULL),(130,'2020-05-12 06:53:05.458162','2020-05-12 06:53:05.458162','hotiu.meihuis.com','q@q.com','firegame','firegame','www','2020-05-12','2020-05-12','2020-05-12','ok','1.1.1.1',1,NULL),(131,'2020-05-12 06:53:26.755655','2020-05-13 06:55:28.253255','aertui.sincemyaccident.com','q@q.com','firegame','firegame','www','2020-05-12','2020-05-12','2020-05-12','ok','1.1.1.1',1,11),(132,'2020-05-12 06:53:26.755655','2020-05-13 07:12:07.185629','auiru.sincemyaccident.com','q@q.com','firegame','firegame','www','2020-05-12','2020-05-12','2020-05-12','ok','1.1.1.1',1,NULL),(135,'2020-05-12 06:53:26.755655','2020-05-13 07:12:15.226221','hotit.baodinggame.com','q@q.com','firegame','firegame','www','2020-05-12','2020-05-12','2020-05-12','ok','1.1.1.1',1,NULL),(137,'2020-05-14 09:22:56.886874','2020-05-14 09:22:56.886874','niuto.fookgame.com','791182200@qq.com','FIREGAME','FIREGAME','WWW.FIREGAME.COM','2020-05-14','2020-05-14','2020-05-14','fuck','fuck',1,11),(138,'2020-05-14 09:23:27.642783','2020-05-14 09:23:27.642783','vauit.fookgame.com','791182200@qq.com','FIREGAME','FIREGAME','WWW.FIREGAME.COM','2020-05-14','2020-05-14','2020-05-14','fuck','fuck',1,11),(288,'2020-05-26 03:58:47.630819','2020-05-26 03:58:47.630887','mojofriend.com',NULL,NULL,NULL,NULL,NULL,NULL,NULL,NULL,NULL,1,13),(289,'2020-05-26 03:58:54.128202','2020-05-26 03:58:54.128246','469399.com',NULL,NULL,NULL,NULL,NULL,NULL,NULL,NULL,NULL,1,13),(142,'2020-05-15 05:52:29.272230','2020-05-15 05:52:29.272230','aaaad.conear.top','791182200@qq.com','FIREGAME','FIREGAME','WWW.FIREGAME.COM','2020-05-15','2020-05-15','2020-05-15','fuck','火游互动',1,3),(145,'2020-05-16 07:43:29.339498','2020-05-16 07:43:29.339555','auimn.haunhue.com','791182200@qq.com','f','fg','55','2020-05-16','2020-05-16','2020-05-16','ture','192.168.1.12',1,11),(146,'2020-05-16 07:44:18.176493','2020-05-16 07:44:18.176536','auouo.haunhue.com','791182200@qq.com','水电费','水电费','ffsdff','2020-05-16','2020-05-16','2020-05-16','ture','192.168.1.1',1,11),(286,'2020-05-26 03:58:26.175077','2020-05-26 03:58:26.175123','fjmsce.com',NULL,NULL,NULL,NULL,NULL,NULL,NULL,NULL,NULL,1,13),(287,'2020-05-26 03:58:40.258168','2020-05-26 03:58:40.258215','ecvluq.com',NULL,NULL,NULL,NULL,NULL,NULL,NULL,NULL,NULL,1,13),(148,'2020-05-18 09:16:00.928618','2020-05-18 09:16:00.928660','quiew.chloe-jyy.com','791182200@qq.com','FIREGAME','firegame','www.firegame.com','2020-05-18','2020-05-18','2020-05-18','true','192.168.1.1',1,14),(149,'2020-05-18 09:17:21.066768','2020-05-18 09:17:21.066812','gvuwe.cnytw.com','791182200@qq.com','FIREGAME','firegame','www.firegame.com','2020-05-18','2020-05-18','2020-05-18','ture','192.168.1.1',1,14),(150,'2020-05-18 10:06:12.301317','2020-05-18 10:06:12.301364','huier.yxgj1987.com','791182200@qq.com','FIREGAME','firegame','www.firegame.com','2020-05-18','2020-05-18','2020-05-18','ture','192.168.1.1',1,14),(151,'2020-05-18 10:44:31.204407','2020-05-18 10:44:31.204451','jaylon.sherlockfiregame.com','jaylon.sherlockfiregame@f.com','jaylon.sherlockfiregame.com','jaylon.sherlockfiregame.com','jaylon.sherlockfiregame.com','2020-05-18','2020-05-18','2020-05-18','ok','1.1.1.1',1,11),(156,'2020-05-19 06:54:27.913707','2020-05-19 06:54:27.913751','perry.sherlockfiregame.com','perry.sherlockfiregame@go.com','godaddy','godaddy','godaddy','2020-05-19','2020-05-19','2020-05-19','ok','1.1.1.1',1,11),(284,'2020-05-24 10:10:34.539263','2020-05-24 10:10:47.819126','www.qcsxw.com',NULL,NULL,NULL,NULL,NULL,NULL,NULL,NULL,NULL,1,10),(285,'2020-05-26 03:58:18.589972','2020-05-26 03:58:18.590030','szdhwh.com',NULL,NULL,NULL,NULL,NULL,NULL,NULL,NULL,NULL,1,13),(283,'2020-05-24 09:05:36.220983','2020-05-24 09:05:36.221027','www.gameir.cn','791182200@qq.com','FIREGAME','firegame','www.firegame.com','2020-05-24','2020-05-24','2020-05-24','true','192.168.1.1',1,14),(160,'2020-05-19 06:56:46.787884','2020-05-19 06:56:46.787928','dakota.sherlockfiregame.com','dakota.sherlockfiregame@q.com','godaddy','godaddy','godaddy','2020-05-19','2020-05-19','2020-05-19','ok','1.1.1.1',1,14),(161,'2020-05-19 06:58:26.061936','2020-05-19 06:58:26.061979','romeo.sherlockfiregame.com','romeo.sherlockfiregame@q.com','godaddy','godaddy','godaddy','2020-05-19','2020-05-19','2020-05-19','ok','1.1.1.1',1,14),(162,'2020-05-19 07:35:48.360214','2020-05-19 07:35:48.360258','eruit.yxgj333.com','eruit.yxgj333@qq.com','godaddy','godaddy','godaddy','2020-05-19','2020-05-19','2020-05-19','ok','1.1.1.1',1,14),(281,'2020-05-24 09:04:20.441218','2020-05-24 09:04:20.441261','www.pyrshg.com',NULL,NULL,NULL,NULL,NULL,NULL,NULL,NULL,NULL,1,13),(282,'2020-05-24 09:04:29.097226','2020-05-24 09:04:29.097270','www.keLai0373.com',NULL,NULL,NULL,NULL,NULL,NULL,NULL,NULL,NULL,1,13),(273,'2020-05-24 07:52:20.856088','2020-05-24 07:52:20.856138','www.shgmfs.com',NULL,NULL,NULL,NULL,NULL,NULL,NULL,NULL,NULL,1,9),(274,'2020-05-24 07:52:31.102916','2020-05-24 07:52:31.102961','www.ntmfxy.com',NULL,NULL,NULL,NULL,NULL,NULL,NULL,NULL,NULL,1,9),(275,'2020-05-24 09:03:27.851818','2020-05-24 09:03:27.851867','www.qLtgw.com',NULL,NULL,NULL,NULL,NULL,NULL,NULL,NULL,NULL,1,13),(276,'2020-05-24 09:03:37.696200','2020-05-24 09:03:37.696245','www.pingyuanxian.com',NULL,NULL,NULL,NULL,NULL,NULL,NULL,NULL,NULL,1,13),(277,'2020-05-24 09:03:44.830882','2020-05-24 09:03:44.830927','www.mLqmw.com',NULL,NULL,NULL,NULL,NULL,NULL,NULL,NULL,NULL,1,13),(278,'2020-05-24 09:03:52.366556','2020-05-24 09:03:52.366601','www.zvqyLc.com',NULL,NULL,NULL,NULL,NULL,NULL,NULL,NULL,NULL,1,13),(279,'2020-05-24 09:04:03.911305','2020-05-24 09:04:03.911349','www.sdbqq.com',NULL,NULL,NULL,NULL,NULL,NULL,NULL,NULL,NULL,1,13),(280,'2020-05-24 09:04:13.074535','2020-05-24 09:04:13.074597','www.whjianzhi.com',NULL,NULL,NULL,NULL,NULL,NULL,NULL,NULL,NULL,1,13),(169,'2020-05-19 10:19:18.056692','2020-05-19 10:19:18.056736','nuyir.kelai0373.com','791182200@qq.com','FIR','FIR','www.firegame.com','2020-05-19','2020-05-19','2020-05-19','true','1.1.1',1,11),(170,'2020-05-19 10:20:02.410168','2020-05-19 10:20:02.410210','eriut.shgmfs.com','791182200@qq.com','fie','fir','www.firegame.com','2020-05-19','2020-05-19','2020-05-19','true','1.1.1',1,11),(173,'2020-05-19 12:54:19.581085','2020-05-19 12:54:19.581128','koouyoi.yunfuzi168.com','791182200@qq.com','FIREFAME','firegame','www.firegame.com','2020-05-19','2020-05-19','2020-05-19','true','192.168.1.1',1,14),(174,'2020-05-20 02:52:30.340604','2020-05-20 02:52:30.340647','firet.abdalan.com','791182200@qq.com','FIREGAME','firegame','www.firegame.com','2020-05-20','2020-05-20','2020-05-20','true','192.168.1.1',1,14),(175,'2020-05-20 02:53:45.370296','2020-05-20 02:53:45.370341','giuot.arcloudchain.com','791182200@qq.com','FIREGAME','firegame','www.firegame.com','2020-05-20','2020-05-20','2020-05-20','true','true',1,14),(196,'2020-05-22 08:22:36.232599','2020-05-22 08:22:36.232642','www.scaryjohnkerry.com','791182200@qq.com','FIRGAME','firegame','www.firegame.com','2020-05-22','2020-05-22','2020-05-22','true','1.11.1',1,11),(197,'2020-05-22 08:23:21.778389','2020-05-22 08:23:21.778433','www.baobeibike.com','791182200@qq.com','FIRGAME','firegame','www.firegame.com','2020-05-22','2020-05-22','2020-05-22','true','1.1.1',1,11),(198,'2020-05-22 08:24:08.727567','2020-05-22 08:24:08.727613','www.juejin360.com','791182200@qq.com','FIREGAME','firgame','www.firegame.com','2020-05-22','2020-05-22','2020-05-22','true','1.1.1',1,11),(199,'2020-05-22 08:27:11.238237','2020-05-22 08:27:11.238278','www.shmcgs.com','791182200@qq.com','FIREGAME','firegame','www.firegame.com','2020-05-22','2020-05-22','2020-05-22','true','1.1.1',1,11),(200,'2020-05-22 08:27:59.420771','2020-05-22 08:27:59.420814','www.nihaozaijian.com','791182200@qq.com','FIREGAME','firegame','www.firegame.com','2020-05-22','2020-05-22','2020-05-22','true','1.1.1',1,11),(201,'2020-05-22 08:28:58.500140','2020-05-22 08:28:58.500183','www.meihuis.com','7911822002@qq.com','FIREGAME','firegame','www.firegame.com','2020-05-22','2020-05-22','2020-05-22','true','1.1.1',1,11),(271,'2020-05-24 07:27:43.773550','2020-05-24 07:27:43.773593','www.xkbet8.com',NULL,NULL,NULL,NULL,NULL,NULL,NULL,NULL,NULL,1,12),(272,'2020-05-24 07:48:27.957066','2020-05-24 07:48:27.957118','www.kksgw.com',NULL,NULL,NULL,NULL,NULL,NULL,NULL,NULL,NULL,1,10),(269,'2020-05-24 07:27:28.239177','2020-05-24 07:27:28.239222','www.syjtfy.com',NULL,NULL,NULL,NULL,NULL,NULL,NULL,NULL,NULL,1,12),(270,'2020-05-24 07:27:35.744546','2020-05-24 07:27:35.744593','www.bhcygl.com',NULL,NULL,NULL,NULL,NULL,NULL,NULL,NULL,NULL,1,12),(268,'2020-05-24 07:21:02.897245','2020-05-24 07:21:02.897289','www.haunhue.com','791182200@qq.com','FIREGAME','firegame','www.firegame.com','2020-05-24','2020-05-24','2020-05-24','true','192.168.1.1',1,14),(267,'2020-05-24 07:16:45.183733','2020-05-24 07:16:45.183777','www.fookgame.com','791182200@qq.com','FIREGAME','firegame','www.firegame.com','2020-05-24','2020-05-24','2020-05-24','true','192.168.1.1',1,14),(249,'2020-05-24 06:46:24.100572','2020-05-24 06:46:24.100616','3w1e.cn',NULL,NULL,NULL,NULL,NULL,NULL,NULL,NULL,NULL,1,10),(250,'2020-05-24 06:46:39.276929','2020-05-24 06:46:39.276975','3r9f.cn',NULL,NULL,NULL,NULL,NULL,NULL,NULL,NULL,NULL,1,10),(251,'2020-05-24 06:46:48.667559','2020-05-24 06:46:48.667624','2i4f.cn',NULL,NULL,NULL,NULL,NULL,NULL,NULL,NULL,NULL,1,10),(252,'2020-05-24 06:48:59.058880','2020-05-24 06:48:59.058927','9u7p.cn',NULL,NULL,NULL,NULL,NULL,NULL,NULL,NULL,NULL,1,12),(253,'2020-05-24 06:49:09.875045','2020-05-24 06:49:09.875090','sv8r.cn',NULL,NULL,NULL,NULL,NULL,NULL,NULL,NULL,NULL,1,12),(254,'2020-05-24 06:49:19.793647','2020-05-24 06:49:19.793692','z97o.cn',NULL,NULL,NULL,NULL,NULL,NULL,NULL,NULL,NULL,1,12),(255,'2020-05-24 06:49:29.199596','2020-05-24 06:49:29.199640','kukb.cn',NULL,NULL,NULL,NULL,NULL,NULL,NULL,NULL,NULL,1,12),(256,'2020-05-24 06:49:40.104911','2020-05-24 06:49:40.104956','twua.cn',NULL,NULL,NULL,NULL,NULL,NULL,NULL,NULL,NULL,1,12),(257,'2020-05-24 06:52:45.524768','2020-05-24 06:52:45.524816','wkud.cn',NULL,NULL,NULL,NULL,NULL,NULL,NULL,NULL,NULL,1,13),(258,'2020-05-24 06:53:00.481483','2020-05-24 06:53:00.481528','wncu.cn',NULL,NULL,NULL,NULL,NULL,NULL,NULL,NULL,NULL,1,13),(259,'2020-05-24 06:53:10.031857','2020-05-24 06:53:10.031900','uube.top',NULL,NULL,NULL,NULL,NULL,NULL,NULL,NULL,NULL,1,13),(260,'2020-05-24 06:53:19.955031','2020-05-24 06:53:19.955077','e07i.cn',NULL,NULL,NULL,NULL,NULL,NULL,NULL,NULL,NULL,1,13),(261,'2020-05-24 06:53:30.550876','2020-05-24 06:53:30.550920','0tph.cn',NULL,NULL,NULL,NULL,NULL,NULL,NULL,NULL,NULL,1,13),(262,'2020-05-24 06:55:37.034139','2020-05-24 06:55:37.034185','vror.cn',NULL,NULL,NULL,NULL,NULL,NULL,NULL,NULL,NULL,1,11),(263,'2020-05-24 06:55:49.042063','2020-05-24 06:55:49.042107','ogga.cn',NULL,NULL,NULL,NULL,NULL,NULL,NULL,NULL,NULL,1,11),(264,'2020-05-24 06:55:59.647921','2020-05-24 06:55:59.647964','un01.cn',NULL,NULL,NULL,NULL,NULL,NULL,NULL,NULL,NULL,1,11),(265,'2020-05-24 06:56:08.759287','2020-05-24 06:56:08.759332','j06u.cn',NULL,NULL,NULL,NULL,NULL,NULL,NULL,NULL,NULL,1,11),(266,'2020-05-24 06:56:18.372436','2020-05-24 06:56:18.372482','9ysb.cn',NULL,NULL,NULL,NULL,NULL,NULL,NULL,NULL,NULL,1,11),(246,'2020-05-24 06:32:39.244026','2020-05-24 06:32:39.244070','1u6r.cn',NULL,NULL,NULL,NULL,NULL,NULL,NULL,NULL,NULL,1,9),(245,'2020-05-24 06:32:28.523293','2020-05-24 06:32:28.523338','fucj.top',NULL,NULL,NULL,NULL,NULL,NULL,NULL,NULL,NULL,1,9),(244,'2020-05-24 06:32:18.299685','2020-05-24 06:32:18.299730','e78n.cn',NULL,NULL,NULL,NULL,NULL,NULL,NULL,NULL,NULL,1,9),(248,'2020-05-24 06:46:13.588364','2020-05-24 06:46:13.588409','4w6g.cn',NULL,NULL,NULL,NULL,NULL,NULL,NULL,NULL,NULL,1,10),(247,'2020-05-24 06:46:05.069107','2020-05-24 06:46:05.069151','7z9m.cn',NULL,NULL,NULL,NULL,NULL,NULL,NULL,NULL,NULL,1,10),(243,'2020-05-24 06:32:08.011950','2020-05-24 06:32:08.011995','6mnd.cn',NULL,NULL,NULL,NULL,NULL,NULL,NULL,NULL,NULL,1,9),(242,'2020-05-24 06:31:58.745337','2020-05-24 06:31:58.745383','mdro.cn',NULL,NULL,NULL,NULL,NULL,NULL,NULL,NULL,NULL,1,9),(239,'2020-05-22 09:29:55.894709','2020-05-22 09:29:55.894760','www.baodinggame.com',NULL,NULL,NULL,NULL,NULL,NULL,NULL,NULL,NULL,1,11),(240,'2020-05-22 09:30:06.221028','2020-05-22 09:30:06.221075','www.anychou.com',NULL,NULL,NULL,NULL,NULL,NULL,NULL,NULL,NULL,1,11),(241,'2020-05-22 09:30:16.142663','2020-05-22 09:30:16.142710','www.jiuquan1.com',NULL,NULL,NULL,NULL,NULL,NULL,NULL,NULL,NULL,1,11);
/*!40000 ALTER TABLE `module_website_domain` ENABLE KEYS */;
UNLOCK TABLES;

--
-- Table structure for table `module_website_domainconfig`
--

DROP TABLE IF EXISTS `module_website_domainconfig`;
/*!40101 SET @saved_cs_client     = @@character_set_client */;
/*!40101 SET character_set_client = utf8 */;
CREATE TABLE `module_website_domainconfig` (
  `id` int(11) NOT NULL AUTO_INCREMENT,
  `created` datetime(6) NOT NULL,
  `modified` datetime(6) NOT NULL,
  `block` tinyint(1) NOT NULL,
  `cnzz` longtext NOT NULL,
  `facebook` longtext NOT NULL,
  `domain_id` int(11) NOT NULL,
  `f_page_id` int(11) DEFAULT NULL,
  `is_save_service_info` tinyint(1) NOT NULL,
  PRIMARY KEY (`id`),
  UNIQUE KEY `domain_id` (`domain_id`),
  KEY `module_website_domainconfig_f_page_id_09abd141` (`f_page_id`)
) ENGINE=MyISAM AUTO_INCREMENT=132 DEFAULT CHARSET=utf8;
/*!40101 SET character_set_client = @saved_cs_client */;

--
-- Dumping data for table `module_website_domainconfig`
--

LOCK TABLES `module_website_domainconfig` WRITE;
/*!40000 ALTER TABLE `module_website_domainconfig` DISABLE KEYS */;
INSERT INTO `module_website_domainconfig` VALUES (125,'2020-05-25 02:36:14.765776','2020-05-26 06:46:19.142733',0,'<script type=\"text/javascript\" src=\"https://s9.cnzz.com/z_stat.php?id=1278932190&web_id=1278932190\"></script>','<!-- Facebook Pixel Code -->\n<script>\n  !function(f,b,e,v,n,t,s)\n  {if(f.fbq)return;n=f.fbq=function(){n.callMethod?\n  n.callMethod.apply(n,arguments):n.queue.push(arguments)};\n  if(!f._fbq)f._fbq=n;n.push=n;n.loaded=!0;n.version=\'2.0\';\n  n.queue=[];t=b.createElement(e);t.async=!0;\n  t.src=v;s=b.getElementsByTagName(e)[0];\n  s.parentNode.insertBefore(t,s)}(window, document,\'script\',\n  \'https://connect.facebook.net/en_US/fbevents.js\');\n  fbq(\'init\', \'568353037412450\');\n  fbq(\'track\', \'PageView\');\n</script>\n<noscript><img height=\"1\" width=\"1\" style=\"display:none\"\n  src=\"https://www.facebook.com/tr?id=568353037412450&ev=PageView&noscript=1\"\n/></noscript>\n<!-- End Facebook Pixel Code -->',253,16,0),(126,'2020-05-25 03:10:40.844588','2020-05-25 03:10:40.848379',1,'<script type=\"text/javascript\" src=\"https://s4.cnzz.com/z_stat.php?id=1278932296&web_id=1278932296\"></script>','<!-- Facebook Pixel Code -->\n<script>\n  !function(f,b,e,v,n,t,s)\n  {if(f.fbq)return;n=f.fbq=function(){n.callMethod?\n  n.callMethod.apply(n,arguments):n.queue.push(arguments)};\n  if(!f._fbq)f._fbq=n;n.push=n;n.loaded=!0;n.version=\'2.0\';\n  n.queue=[];t=b.createElement(e);t.async=!0;\n  t.src=v;s=b.getElementsByTagName(e)[0];\n  s.parentNode.insertBefore(t,s)}(window, document,\'script\',\n  \'https://connect.facebook.net/en_US/fbevents.js\');\n  fbq(\'init\', \'241110293993113\');\n  fbq(\'track\', \'PageView\');\n</script>\n<noscript><img height=\"1\" width=\"1\" style=\"display:none\"\n  src=\"https://www.facebook.com/tr?id=241110293993113&ev=PageView&noscript=1\"\n/></noscript>\n<!-- End Facebook Pixel Code -->',259,9,0),(10,'2020-05-12 06:05:00.472175','2020-05-12 06:09:50.140888',0,'<script type=\"text/javascript\" src=\"https://s9.cnzz.com/z_stat.php?id=1278875046&web_id=1278875046\"></script>','<!-- Facebook Pixel Code -->\n<script>\n  !function(f,b,e,v,n,t,s)\n  {if(f.fbq)return;n=f.fbq=function(){n.callMethod?\n  n.callMethod.apply(n,arguments):n.queue.push(arguments)};\n  if(!f._fbq)f._fbq=n;n.push=n;n.loaded=!0;n.version=\'2.0\';\n  n.queue=[];t=b.createElement(e);t.async=!0;\n  t.src=v;s=b.getElementsByTagName(e)[0];\n  s.parentNode.insertBefore(t,s)}(window, document,\'script\',\n  \'https://connect.facebook.net/en_US/fbevents.js\');\n  fbq(\'init\', \'166983751366833\');\n  fbq(\'track\', \'PageView\');\n</script>\n<noscript><img height=\"1\" width=\"1\" style=\"display:none\"\n  src=\"https://www.facebook.com/tr?id=166983751366833&ev=PageView&noscript=1\"\n/></noscript>\n<!-- End Facebook Pixel Code -->',45,8,0),(8,'2020-05-09 07:14:02.689115','2020-05-12 06:02:42.069083',1,'<script type=\"text/javascript\" src=\"https://s9.cnzz.com/z_stat.php?id=1278875046&web_id=1278875046\">s</script>','<!-- Facebook Pixel Code -->\n<script>s\n  !function(f,b,e,v,n,t,s)\n  {if(f.fbq)return;n=f.fbq=function(){n.callMethod?\n  n.callMethod.apply(n,arguments):n.queue.push(arguments)};\n  if(!f._fbq)f._fbq=n;n.push=n;n.loaded=!0;n.version=\'2.0\';\n  n.queue=[];t=b.createElement(e);t.async=!0;\n  t.src=v;s=b.getElementsByTagName(e)[0];\n  s.parentNode.insertBefore(t,s)}(window, document,\'script\',\n  \'https://connect.facebook.net/en_US/fbevents.js\');\n  fbq(\'init\', \'166983751366833\');\n  fbq(\'track\', \'PageView\');\n</script>\n<noscript><img height=\"1\" width=\"1\" style=\"display:none\"\n  src=\"https://www.facebook.com/tr?id=47654564654654874564654&ev=PageView&noscript=1\"\n/></noscript>\n<!-- End Facebook Pixel Code -->',46,9,0),(13,'2020-05-13 03:35:47.966996','2020-05-13 10:34:46.097753',1,'<script type=\"text/javascript\" src=\"https://s9.cnzz.com/z_stat.php?id=1278896535&web_id=1278896535\"></script>','',115,11,1),(14,'2020-05-13 03:56:32.469226','2020-05-13 03:59:17.658311',1,'','',65,17,0),(16,'2020-05-13 06:25:19.497117','2020-05-13 06:26:30.718260',1,'','',111,11,1),(128,'2020-05-25 15:46:11.797465','2020-05-25 15:46:11.801733',0,'<script type=\"text/javascript\" src=\"https://s9.cnzz.com/z_stat.php?id=1278935118&web_id=1278935118\"></script>','<!-- Facebook Pixel Code -->\n<script>\n  !function(f,b,e,v,n,t,s)\n  {if(f.fbq)return;n=f.fbq=function(){n.callMethod?\n  n.callMethod.apply(n,arguments):n.queue.push(arguments)};\n  if(!f._fbq)f._fbq=n;n.push=n;n.loaded=!0;n.version=\'2.0\';\n  n.queue=[];t=b.createElement(e);t.async=!0;\n  t.src=v;s=b.getElementsByTagName(e)[0];\n  s.parentNode.insertBefore(t,s)}(window, document,\'script\',\n  \'https://connect.facebook.net/en_US/fbevents.js\');\n  fbq(\'init\', \'2093555597454498\');\n  fbq(\'track\', \'PageView\');\n</script>\n<noscript><img height=\"1\" width=\"1\" style=\"display:none\"\n  src=\"https://www.facebook.com/tr?id=2093555597454498&ev=PageView&noscript=1\"\n/></noscript>\n<!-- End Facebook Pixel Code -->',274,19,0),(27,'2020-05-14 09:51:47.937495','2020-05-25 10:08:58.603679',1,'<script type=\"text/javascript\" src=\"https://s9.cnzz.com/z_stat.php?id=1278896373&web_id=1278896373\"></script>','<!-- Facebook Pixel Code -->\n<script>\n  !function(f,b,e,v,n,t,s)\n  {if(f.fbq)return;n=f.fbq=function(){n.callMethod?\n  n.callMethod.apply(n,arguments):n.queue.push(arguments)};\n  if(!f._fbq)f._fbq=n;n.push=n;n.loaded=!0;n.version=\'2.0\';\n  n.queue=[];t=b.createElement(e);t.async=!0;\n  t.src=v;s=b.getElementsByTagName(e)[0];\n  s.parentNode.insertBefore(t,s)}(window, document,\'script\',\n  \'https://connect.facebook.net/en_US/fbevents.js\');\n  fbq(\'init\', \'248843806430433\');\n  fbq(\'track\', \'PageView\');\n</script>\n<noscript><img height=\"1\" width=\"1\" style=\"display:none\"\n  src=\"https://www.facebook.com/tr?id=248843806430433&ev=PageView&noscript=1\"\n/></noscript>\n<!-- End Facebook Pixel Code -->\n\n<!-- Facebook Pixel Code -->\n<script>\n  !function(f,b,e,v,n,t,s)\n  {if(f.fbq)return;n=f.fbq=function(){n.callMethod?\n  n.callMethod.apply(n,arguments):n.queue.push(arguments)};\n  if(!f._fbq)f._fbq=n;n.push=n;n.loaded=!0;n.version=\'2.0\';\n  n.queue=[];t=b.createElement(e);t.async=!0;\n  t.src=v;s=b.getElementsByTagName(e)[0];\n  s.parentNode.insertBefore(t,s)}(window, document,\'script\',\n  \'https://connect.facebook.net/en_US/fbevents.js\');\n  fbq(\'init\', \'245332260029156\');\n  fbq(\'track\', \'PageView\');\n</script>\n<noscript><img height=\"1\" width=\"1\" style=\"display:none\"\n  src=\"https://www.facebook.com/tr?id=245332260029156&ev=PageView&noscript=1\"\n/></noscript>\n<!-- End Facebook Pixel Code -->',93,13,1),(59,'2020-05-19 11:20:09.350391','2020-05-22 11:59:22.816075',1,'<script type=\"text/javascript\" src=\"https://v1.cnzz.com/z_stat.php?id=1278917871&web_id=1278917871\"></script>','',76,17,1),(61,'2020-05-19 11:24:09.407480','2020-05-20 08:51:54.741079',1,'<script type=\"text/javascript\" src=\"https://v1.cnzz.com/z_stat.php?id=1278917891&web_id=1278917891\"></script>','',151,13,1),(62,'2020-05-19 12:56:23.587984','2020-05-24 07:40:16.599721',0,'<script type=\"text/javascript\" src=\"https://s9.cnzz.com/z_stat.php?id=1278852308&web_id=1278852308\"></script>','',173,11,1),(109,'2020-05-24 07:56:33.697318','2020-05-24 09:19:10.543048',1,'<script type=\"text/javascript\" src=\"https://s4.cnzz.com/z_stat.php?id=1278856056&web_id=1278856056\"></script>','',175,11,1),(110,'2020-05-24 08:05:12.897327','2020-05-25 14:58:04.516103',1,'<script type=\"text/javascript\" src=\"https://s9.cnzz.com/z_stat.php?id=1278930931&web_id=1278930931\"></script>','',273,11,1),(111,'2020-05-24 08:23:21.076703','2020-05-26 06:12:49.984280',0,'<script type=\"text/javascript\" src=\"https://s4.cnzz.com/z_stat.php?id=1278930968&web_id=1278930968\"></script>','',270,8,0),(112,'2020-05-24 08:32:58.034635','2020-05-24 09:32:48.200709',1,'<script type=\"text/javascript\" src=\"https://v1.cnzz.com/z_stat.php?id=1278930989&web_id=1278930989\"></script>','<!-- Facebook Pixel Code -->\n<script>\n  !function(f,b,e,v,n,t,s)\n  {if(f.fbq)return;n=f.fbq=function(){n.callMethod?\n  n.callMethod.apply(n,arguments):n.queue.push(arguments)};\n  if(!f._fbq)f._fbq=n;n.push=n;n.loaded=!0;n.version=\'2.0\';\n  n.queue=[];t=b.createElement(e);t.async=!0;\n  t.src=v;s=b.getElementsByTagName(e)[0];\n  s.parentNode.insertBefore(t,s)}(window, document,\'script\',\n  \'https://connect.facebook.net/en_US/fbevents.js\');\n  fbq(\'init\', \'1127239704309585\');\n  fbq(\'track\', \'PageView\');\n</script>\n<noscript><img height=\"1\" width=\"1\" style=\"display:none\"\n  src=\"https://www.facebook.com/tr?id=1127239704309585&ev=PageView&noscript=1\"\n/></noscript>\n<!-- End Facebook Pixel Code -->',266,9,1),(29,'2020-05-14 10:20:51.656827','2020-05-22 05:54:34.771386',1,'<script type=\"text/javascript\" src=\"https://s9.cnzz.com/z_stat.php?id=1278887306&web_id=1278887306\"></script>','<!-- Facebook Pixel Code -->\n<script>\n  !function(f,b,e,v,n,t,s)\n  {if(f.fbq)return;n=f.fbq=function(){n.callMethod?\n  n.callMethod.apply(n,arguments):n.queue.push(arguments)};\n  if(!f._fbq)f._fbq=n;n.push=n;n.loaded=!0;n.version=\'2.0\';\n  n.queue=[];t=b.createElement(e);t.async=!0;\n  t.src=v;s=b.getElementsByTagName(e)[0];\n  s.parentNode.insertBefore(t,s)}(window, document,\'script\',\n  \'https://connect.facebook.net/en_US/fbevents.js\');\n  fbq(\'init\', \'3270396179678396\');\n  fbq(\'track\', \'PageView\');\n</script>\n<noscript><img height=\"1\" width=\"1\" style=\"display:none\"\n  src=\"https://www.facebook.com/tr?id=3270396179678396&ev=PageView&noscript=1\"\n/></noscript>\n<!-- End Facebook Pixel Code -->',75,9,1),(52,'2020-05-18 09:19:01.525274','2020-05-24 07:41:27.134018',0,'<script type=\"text/javascript\" src=\"https://v1.cnzz.com/z_stat.php?id=1278840083&web_id=1278840083\"></script>','',149,11,0),(53,'2020-05-18 09:46:39.398221','2020-05-18 09:46:39.401939',0,'<script type=\"text/javascript\" src=\"https://s9.cnzz.com/z_stat.php?id=1278850837&web_id=1278850837\"></script>','',148,19,0),(54,'2020-05-18 10:09:13.113660','2020-05-19 05:50:40.841668',1,'<script type=\"text/javascript\" src=\"https://s9.cnzz.com/z_stat.php?id=1278850874&web_id=1278850874\"></script>','',150,19,0),(33,'2020-05-15 01:10:36.153623','2020-05-18 10:30:50.174561',1,'<script type=\"text/javascript\" src=\"https://s4.cnzz.com/z_stat.php?id=1278887233&web_id=1278887233\"></script>','<!-- Facebook Pixel Code -->\n<script>\n  !function(f,b,e,v,n,t,s)\n  {if(f.fbq)return;n=f.fbq=function(){n.callMethod?\n  n.callMethod.apply(n,arguments):n.queue.push(arguments)};\n  if(!f._fbq)f._fbq=n;n.push=n;n.loaded=!0;n.version=\'2.0\';\n  n.queue=[];t=b.createElement(e);t.async=!0;\n  t.src=v;s=b.getElementsByTagName(e)[0];\n  s.parentNode.insertBefore(t,s)}(window, document,\'script\',\n  \'https://connect.facebook.net/en_US/fbevents.js\');\n  fbq(\'init\', \'807537032986435\');\n  fbq(\'track\', \'PageView\');\n</script>\n<noscript><img height=\"1\" width=\"1\" style=\"display:none\"\n  src=\"https://www.facebook.com/tr?id=807537032986435&ev=PageView&noscript=1\"\n/></noscript>\n<!-- End Facebook Pixel Code -->',74,9,1),(116,'2020-05-24 09:44:13.361108','2020-05-26 03:42:47.893665',0,'<script type=\"text/javascript\" src=\"https://v1.cnzz.com/z_stat.php?id=1278931096&web_id=1278931096\"></script>','<!-- Facebook Pixel Code -->\n<script>\n  !function(f,b,e,v,n,t,s)\n  {if(f.fbq)return;n=f.fbq=function(){n.callMethod?\n  n.callMethod.apply(n,arguments):n.queue.push(arguments)};\n  if(!f._fbq)f._fbq=n;n.push=n;n.loaded=!0;n.version=\'2.0\';\n  n.queue=[];t=b.createElement(e);t.async=!0;\n  t.src=v;s=b.getElementsByTagName(e)[0];\n  s.parentNode.insertBefore(t,s)}(window, document,\'script\',\n  \'https://connect.facebook.net/en_US/fbevents.js\');\n  fbq(\'init\', \'723250808213663\');\n  fbq(\'track\', \'PageView\');\n</script>\n<noscript><img height=\"1\" width=\"1\" style=\"display:none\"\n  src=\"https://www.facebook.com/tr?id=723250808213663&ev=PageView&noscript=1\"\n/></noscript>\n<!-- End Facebook Pixel Code -->',243,9,1),(117,'2020-05-24 10:27:34.446594','2020-05-24 10:27:37.142793',1,'<script type=\"text/javascript\" src=\"https://v1.cnzz.com/z_stat.php?id=1278931163&web_id=1278931163\"></script>','',284,9,0),(121,'2020-05-24 12:50:36.100721','2020-05-26 04:44:23.584901',1,'<script type=\"text/javascript\" src=\"https://s9.cnzz.com/z_stat.php?id=1278936089&web_id=1278936089\"></script>','<!-- Facebook Pixel Code -->\n<script>\n  !function(f,b,e,v,n,t,s)\n  {if(f.fbq)return;n=f.fbq=function(){n.callMethod?\n  n.callMethod.apply(n,arguments):n.queue.push(arguments)};\n  if(!f._fbq)f._fbq=n;n.push=n;n.loaded=!0;n.version=\'2.0\';\n  n.queue=[];t=b.createElement(e);t.async=!0;\n  t.src=v;s=b.getElementsByTagName(e)[0];\n  s.parentNode.insertBefore(t,s)}(window, document,\'script\',\n  \'https://connect.facebook.net/en_US/fbevents.js\');\n  fbq(\'init\', \'259636502048594\');\n  fbq(\'track\', \'PageView\');\n</script>\n<noscript><img height=\"1\" width=\"1\" style=\"display:none\"\n  src=\"https://www.facebook.com/tr?id=259636502048594&ev=PageView&noscript=1\"\n/></noscript>\n<!-- End Facebook Pixel Code -->',249,16,0),(122,'2020-05-24 12:50:43.795703','2020-05-25 06:37:58.384092',1,'<script type=\"text/javascript\" src=\"https://v1.cnzz.com/z_stat.php?id=1278932938&web_id=1278932938\"></script>','<!-- Facebook Pixel Code -->\n<script>\n  !function(f,b,e,v,n,t,s)\n  {if(f.fbq)return;n=f.fbq=function(){n.callMethod?\n  n.callMethod.apply(n,arguments):n.queue.push(arguments)};\n  if(!f._fbq)f._fbq=n;n.push=n;n.loaded=!0;n.version=\'2.0\';\n  n.queue=[];t=b.createElement(e);t.async=!0;\n  t.src=v;s=b.getElementsByTagName(e)[0];\n  s.parentNode.insertBefore(t,s)}(window, document,\'script\',\n  \'https://connect.facebook.net/en_US/fbevents.js\');\n  fbq(\'init\', \'334111640886324\');\n  fbq(\'track\', \'PageView\');\n</script>\n<noscript><img height=\"1\" width=\"1\" style=\"display:none\"\n  src=\"https://www.facebook.com/tr?id=334111640886324&ev=PageView&noscript=1\"\n/></noscript>\n<!-- End Facebook Pixel Code -->',248,9,0),(123,'2020-05-24 12:50:51.125656','2020-05-24 12:50:51.130054',0,'','',247,19,0),(124,'2020-05-24 13:38:21.878986','2020-05-25 01:21:13.132483',1,'<script type=\"text/javascript\" src=\"https://v1.cnzz.com/z_stat.php?id=1278931425&web_id=1278931425\"></script>','<!-- Facebook Pixel Code -->\n<script>\n  !function(f,b,e,v,n,t,s)\n  {if(f.fbq)return;n=f.fbq=function(){n.callMethod?\n  n.callMethod.apply(n,arguments):n.queue.push(arguments)};\n  if(!f._fbq)f._fbq=n;n.push=n;n.loaded=!0;n.version=\'2.0\';\n  n.queue=[];t=b.createElement(e);t.async=!0;\n  t.src=v;s=b.getElementsByTagName(e)[0];\n  s.parentNode.insertBefore(t,s)}(window, document,\'script\',\n  \'https://connect.facebook.net/en_US/fbevents.js\');\n  fbq(\'init\', \'273433113812034\');\n  fbq(\'track\', \'PageView\');\n</script>\n<noscript><img height=\"1\" width=\"1\" style=\"display:none\"\n  src=\"https://www.facebook.com/tr?id=273433113812034&ev=PageView&noscript=1\"\n/></noscript>\n<!-- End Facebook Pixel Code -->',279,9,0),(38,'2020-05-15 05:57:24.628614','2020-05-15 06:15:06.017959',1,'','<!-- Facebook Pixel Code -->\n<script>\n  !function(f,b,e,v,n,t,s)\n  {if(f.fbq)return;n=f.fbq=function(){n.callMethod?\n  n.callMethod.apply(n,arguments):n.queue.push(arguments)};\n  if(!f._fbq)f._fbq=n;n.push=n;n.loaded=!0;n.version=\'2.0\';\n  n.queue=[];t=b.createElement(e);t.async=!0;\n  t.src=v;s=b.getElementsByTagName(e)[0];\n  s.parentNode.insertBefore(t,s)}(window, document,\'script\',\n  \'https://connect.facebook.net/en_US/fbevents.js\');\n  fbq(\'init\', \'678129119708726\');\n  fbq(\'track\', \'PageView\');\n</script>\n<noscript><img height=\"1\" width=\"1\" style=\"display:none\"\n  src=\"https://www.facebook.com/tr?id=678129119708726&ev=PageView&noscript=1\"\n/></noscript>\n<!-- End Facebook Pixel Code -->',114,11,1),(39,'2020-05-15 06:19:56.214259','2020-05-15 08:18:35.469033',1,'','<!-- Facebook Pixel Code -->\n<script>\n  !function(f,b,e,v,n,t,s)\n  {if(f.fbq)return;n=f.fbq=function(){n.callMethod?\n  n.callMethod.apply(n,arguments):n.queue.push(arguments)};\n  if(!f._fbq)f._fbq=n;n.push=n;n.loaded=!0;n.version=\'2.0\';\n  n.queue=[];t=b.createElement(e);t.async=!0;\n  t.src=v;s=b.getElementsByTagName(e)[0];\n  s.parentNode.insertBefore(t,s)}(window, document,\'script\',\n  \'https://connect.facebook.net/en_US/fbevents.js\');\n  fbq(\'init\', \'238869610546072\');\n  fbq(\'track\', \'PageView\');\n</script>\n<noscript><img height=\"1\" width=\"1\" style=\"display:none\"\n  src=\"https://www.facebook.com/tr?id=238869610546072&ev=PageView&noscript=1\"\n/></noscript>\n<!-- End Facebook Pixel Code -->',138,12,1),(40,'2020-05-15 06:51:53.477352','2020-05-21 06:20:13.069547',0,'','<!-- Facebook Pixel Code -->\n<script>\n  !function(f,b,e,v,n,t,s)\n  {if(f.fbq)return;n=f.fbq=function(){n.callMethod?\n  n.callMethod.apply(n,arguments):n.queue.push(arguments)};\n  if(!f._fbq)f._fbq=n;n.push=n;n.loaded=!0;n.version=\'2.0\';\n  n.queue=[];t=b.createElement(e);t.async=!0;\n  t.src=v;s=b.getElementsByTagName(e)[0];\n  s.parentNode.insertBefore(t,s)}(window, document,\'script\',\n  \'https://connect.facebook.net/en_US/fbevents.js\');\n  fbq(\'init\', \'166983751366833\');\n  fbq(\'track\', \'PageView\');\n</script>\n<noscript><img height=\"1\" width=\"1\" style=\"display:none\"\n  src=\"https://www.facebook.com/tr?id=166983751366833&ev=PageView&noscript=1\"\n/></noscript>\n<!-- End Facebook Pixel Code -->',142,16,1),(131,'2020-05-26 06:51:02.694012','2020-05-26 06:51:02.697909',0,'','',254,15,0),(42,'2020-05-15 07:05:32.561249','2020-05-15 07:05:32.565801',1,'','',137,9,1),(45,'2020-05-15 12:30:46.154261','2020-05-18 12:47:05.702213',1,'<script type=\"text/javascript\" src=\"https://s9.cnzz.com/z_stat.php?id=1278914434&web_id=1278914434\"></script>','',110,9,1),(51,'2020-05-18 07:59:36.732914','2020-05-20 01:11:10.606026',1,'<script type=\"text/javascript\" src=\"https://s9.cnzz.com/z_stat.php?id=1278864755&web_id=1278864755\"></script>','',123,19,1),(56,'2020-05-19 07:31:40.075740','2020-05-19 12:00:50.698892',1,'<script type=\"text/javascript\" src=\"https://v1.cnzz.com/z_stat.php?id=1278850917&web_id=1278850917\"></script>','',161,9,1),(57,'2020-05-19 07:36:48.017804','2020-05-19 07:36:48.021559',0,'<script type=\"text/javascript\" src=\"https://v1.cnzz.com/z_stat.php?id=1278852055&web_id=1278852055\"></script>','',160,19,0),(58,'2020-05-19 07:42:28.809701','2020-05-19 07:42:28.813666',0,'<script type=\"text/javascript\" src=\"https://s9.cnzz.com/z_stat.php?id=1278852175&web_id=1278852175\"></script>','',162,19,0),(68,'2020-05-20 08:29:57.983414','2020-05-22 08:19:39.046224',1,'<script type=\"text/javascript\" src=\"https://s4.cnzz.com/z_stat.php?id=1278920700&web_id=1278920700\"></script>','<!-- Facebook Pixel Code -->\n<script>\n  !function(f,b,e,v,n,t,s)\n  {if(f.fbq)return;n=f.fbq=function(){n.callMethod?\n  n.callMethod.apply(n,arguments):n.queue.push(arguments)};\n  if(!f._fbq)f._fbq=n;n.push=n;n.loaded=!0;n.version=\'2.0\';\n  n.queue=[];t=b.createElement(e);t.async=!0;\n  t.src=v;s=b.getElementsByTagName(e)[0];\n  s.parentNode.insertBefore(t,s)}(window, document,\'script\',\n  \'https://connect.facebook.net/en_US/fbevents.js\');\n  fbq(\'init\', \'244950879942228\');\n  fbq(\'track\', \'PageView\');\n</script>\n<noscript><img height=\"1\" width=\"1\" style=\"display:none\"\n  src=\"https://www.facebook.com/tr?id=244950879942228&ev=PageView&noscript=1\"\n/></noscript>\n<!-- End Facebook Pixel Code -->',169,9,1),(63,'2020-05-19 13:03:16.783828','2020-05-21 06:29:10.406169',1,'<script type=\"text/javascript\" src=\"https://v1.cnzz.com/z_stat.php?id=1278918242&web_id=1278918242\"></script>','',156,9,1),(113,'2020-05-24 09:01:02.581581','2020-05-25 01:30:09.385036',1,'<script type=\"text/javascript\" src=\"https://s9.cnzz.com/z_stat.php?id=1278931025&web_id=1278931025\"></script>','',256,9,0),(65,'2020-05-20 01:27:58.461192','2020-05-25 01:24:40.884225',1,'<script type=\"text/javascript\" src=\"https://s4.cnzz.com/z_stat.php?id=1278919276&web_id=1278919276\"></script>','<!-- Facebook Pixel Code -->\n<script>\n  !function(f,b,e,v,n,t,s)\n  {if(f.fbq)return;n=f.fbq=function(){n.callMethod?\n  n.callMethod.apply(n,arguments):n.queue.push(arguments)};\n  if(!f._fbq)f._fbq=n;n.push=n;n.loaded=!0;n.version=\'2.0\';\n  n.queue=[];t=b.createElement(e);t.async=!0;\n  t.src=v;s=b.getElementsByTagName(e)[0];\n  s.parentNode.insertBefore(t,s)}(window, document,\'script\',\n  \'https://connect.facebook.net/en_US/fbevents.js\');\n  fbq(\'init\', \'272796150442321\');\n  fbq(\'track\', \'PageView\');\n</script>\n<noscript><img height=\"1\" width=\"1\" style=\"display:none\"\n  src=\"https://www.facebook.com/tr?id=272796150442321&ev=PageView&noscript=1\"\n/></noscript>\n<!-- End Facebook Pixel Code -->',170,9,1),(66,'2020-05-20 02:59:23.381416','2020-05-21 05:26:11.574976',1,'<script type=\"text/javascript\" src=\"https://s9.cnzz.com/z_stat.php?id=1278864323&web_id=1278864323\"></script>','',174,11,1),(106,'2020-05-24 07:36:51.608413','2020-05-26 02:48:54.058760',0,'<script type=\"text/javascript\" src=\"https://v1.cnzz.com/z_stat.php?id=1278930880&web_id=1278930880\"></script>','<!-- Facebook Pixel Code -->\n<script>\n  !function(f,b,e,v,n,t,s)\n  {if(f.fbq)return;n=f.fbq=function(){n.callMethod?\n  n.callMethod.apply(n,arguments):n.queue.push(arguments)};\n  if(!f._fbq)f._fbq=n;n.push=n;n.loaded=!0;n.version=\'2.0\';\n  n.queue=[];t=b.createElement(e);t.async=!0;\n  t.src=v;s=b.getElementsByTagName(e)[0];\n  s.parentNode.insertBefore(t,s)}(window, document,\'script\',\n  \'https://connect.facebook.net/en_US/fbevents.js\');\n  fbq(\'init\', \'176496797075405\');\n  fbq(\'track\', \'PageView\');\n</script>\n<noscript><img height=\"1\" width=\"1\" style=\"display:none\"\n  src=\"https://www.facebook.com/tr?id=176496797075405&ev=PageView&noscript=1\"\n/>\n</noscript>\n<!-- End Facebook Pixel Code -->',269,11,0),(107,'2020-05-24 07:38:15.432027','2020-05-24 07:38:15.436086',0,'<script type=\"text/javascript\" src=\"https://s4.cnzz.com/z_stat.php?id=1278853706&web_id=1278853706\"></script>','',268,9,1),(108,'2020-05-24 07:50:53.235246','2020-05-24 07:50:53.238905',1,'<script type=\"text/javascript\" src=\"https://v1.cnzz.com/z_stat.php?id=1278930900&web_id=1278930900\"></script>','',272,16,1),(114,'2020-05-24 09:06:58.331081','2020-05-24 09:06:58.334817',0,'<script type=\"text/javascript\" src=\"https://s9.cnzz.com/z_stat.php?id=1278863110&web_id=1278863110\"></script>','',283,9,1),(115,'2020-05-24 09:07:54.470715','2020-05-26 03:35:31.488142',1,'<script type=\"text/javascript\" src=\"https://s4.cnzz.com/z_stat.php?id=1278930610&web_id=1278930610\"></script>','<!-- Facebook Pixel Code -->\n<script>\n  !function(f,b,e,v,n,t,s)\n  {if(f.fbq)return;n=f.fbq=function(){n.callMethod?\n  n.callMethod.apply(n,arguments):n.queue.push(arguments)};\n  if(!f._fbq)f._fbq=n;n.push=n;n.loaded=!0;n.version=\'2.0\';\n  n.queue=[];t=b.createElement(e);t.async=!0;\n  t.src=v;s=b.getElementsByTagName(e)[0];\n  s.parentNode.insertBefore(t,s)}(window, document,\'script\',\n  \'https://connect.facebook.net/en_US/fbevents.js\');\n  fbq(\'init\', \'273433113812034\');\n  fbq(\'track\', \'PageView\');\n</script>\n<noscript><img height=\"1\" width=\"1\" style=\"display:none\"\n  src=\"https://www.facebook.com/tr?id=273433113812034&ev=PageView&noscript=1\"\n/></noscript>\n<!-- End Facebook Pixel Code -->',281,9,0),(118,'2020-05-24 12:27:24.616671','2020-05-24 12:27:24.620692',0,'<script type=\"text/javascript\" src=\"https://v1.cnzz.com/z_stat.php?id=1278931336&web_id=1278931336\"></script>','',245,17,0),(119,'2020-05-24 12:50:19.256435','2020-05-25 14:32:14.242404',1,'<script type=\"text/javascript\" src=\"https://s4.cnzz.com/z_stat.php?id=1278934985&web_id=1278934985\"></script>','<!-- Facebook Pixel Code -->\n<script>\n  !function(f,b,e,v,n,t,s)\n  {if(f.fbq)return;n=f.fbq=function(){n.callMethod?\n  n.callMethod.apply(n,arguments):n.queue.push(arguments)};\n  if(!f._fbq)f._fbq=n;n.push=n;n.loaded=!0;n.version=\'2.0\';\n  n.queue=[];t=b.createElement(e);t.async=!0;\n  t.src=v;s=b.getElementsByTagName(e)[0];\n  s.parentNode.insertBefore(t,s)}(window, document,\'script\',\n  \'https://connect.facebook.net/en_US/fbevents.js\');\n  fbq(\'init\', \'334111640886324\');\n  fbq(\'track\', \'PageView\');\n</script>\n<noscript><img height=\"1\" width=\"1\" style=\"display:none\"\n  src=\"https://www.facebook.com/tr?id=334111640886324&ev=PageView&noscript=1\"\n/></noscript>\n<!-- End Facebook Pixel Code -->',251,11,0),(120,'2020-05-24 12:50:28.238744','2020-05-26 06:36:28.676634',1,'<script type=\"text/javascript\" src=\"https://s9.cnzz.com/z_stat.php?id=1278933486&web_id=1278933486\"></script>','<!-- Facebook Pixel Code -->\n<script>\n  !function(f,b,e,v,n,t,s)\n  {if(f.fbq)return;n=f.fbq=function(){n.callMethod?\n  n.callMethod.apply(n,arguments):n.queue.push(arguments)};\n  if(!f._fbq)f._fbq=n;n.push=n;n.loaded=!0;n.version=\'2.0\';\n  n.queue=[];t=b.createElement(e);t.async=!0;\n  t.src=v;s=b.getElementsByTagName(e)[0];\n  s.parentNode.insertBefore(t,s)}(window, document,\'script\',\n  \'https://connect.facebook.net/en_US/fbevents.js\');\n  fbq(\'init\', \'572901063430630\');\n  fbq(\'track\', \'PageView\');\n</script>\n<noscript><img height=\"1\" width=\"1\" style=\"display:none\"\n  src=\"https://www.facebook.com/tr?id=572901063430630&ev=PageView&noscript=1\"\n/></noscript>\n<!-- End Facebook Pixel Code -->',250,12,1),(79,'2020-05-22 08:29:26.479987','2020-05-22 08:29:26.484112',1,'<script type=\"text/javascript\" src=\"https://v1.cnzz.com/z_stat.php?id=1278926928&web_id=1278926928\"></script>','',198,9,1),(127,'2020-05-25 05:41:12.679631','2020-05-26 02:02:13.817022',1,'<script type=\"text/javascript\" src=\"https://v1.cnzz.com/z_stat.php?id=1278932748&web_id=1278932748\"></script>','',244,11,1),(103,'2020-05-24 06:28:32.176840','2020-05-25 12:49:17.967328',1,'<script type=\"text/javascript\" src=\"https://s9.cnzz.com/z_stat.php?id=1278930782&web_id=1278930782\"></script>','<!-- Facebook Pixel Code -->\n<script>\n  !function(f,b,e,v,n,t,s)\n  {if(f.fbq)return;n=f.fbq=function(){n.callMethod?\n  n.callMethod.apply(n,arguments):n.queue.push(arguments)};\n  if(!f._fbq)f._fbq=n;n.push=n;n.loaded=!0;n.version=\'2.0\';\n  n.queue=[];t=b.createElement(e);t.async=!0;\n  t.src=v;s=b.getElementsByTagName(e)[0];\n  s.parentNode.insertBefore(t,s)}(window, document,\'script\',\n  \'https://connect.facebook.net/en_US/fbevents.js\');\n  fbq(\'init\', \'2658714707674254\');\n  fbq(\'track\', \'PageView\');\n</script>\n<noscript><img height=\"1\" width=\"1\" style=\"display:none\"\n  src=\"https://www.facebook.com/tr?id=2658714707674254&ev=PageView&noscript=1\"\n/></noscript>\n<!-- End Facebook Pixel Code -->\n\n<!-- Facebook Pixel Code -->\n<script>\n  !function(f,b,e,v,n,t,s)\n  {if(f.fbq)return;n=f.fbq=function(){n.callMethod?\n  n.callMethod.apply(n,arguments):n.queue.push(arguments)};\n  if(!f._fbq)f._fbq=n;n.push=n;n.loaded=!0;n.version=\'2.0\';\n  n.queue=[];t=b.createElement(e);t.async=!0;\n  t.src=v;s=b.getElementsByTagName(e)[0];\n  s.parentNode.insertBefore(t,s)}(window, document,\'script\',\n  \'https://connect.facebook.net/en_US/fbevents.js\');\n  fbq(\'init\', \'1672380539580212\');\n  fbq(\'track\', \'PageView\');\n</script>\n<noscript><img height=\"1\" width=\"1\" style=\"display:none\"\n  src=\"https://www.facebook.com/tr?id=1672380539580212&ev=PageView&noscript=1\"\n/></noscript>\n<!-- End Facebook Pixel Code -->',197,12,1),(105,'2020-05-24 07:29:37.092064','2020-05-26 06:40:18.586164',0,'<script type=\"text/javascript\" src=\"https://s4.cnzz.com/z_stat.php?id=1278930867&web_id=1278930867\"></script>','',271,12,0),(129,'2020-05-26 04:34:29.206057','2020-05-26 06:32:58.907543',1,'<script type=\"text/javascript\" src=\"https://s9.cnzz.com/z_stat.php?id=1278936082&web_id=1278936082\"></script>','<!-- Facebook Pixel Code -->\n<script>\n  !function(f,b,e,v,n,t,s)\n  {if(f.fbq)return;n=f.fbq=function(){n.callMethod?\n  n.callMethod.apply(n,arguments):n.queue.push(arguments)};\n  if(!f._fbq)f._fbq=n;n.push=n;n.loaded=!0;n.version=\'2.0\';\n  n.queue=[];t=b.createElement(e);t.async=!0;\n  t.src=v;s=b.getElementsByTagName(e)[0];\n  s.parentNode.insertBefore(t,s)}(window, document,\'script\',\n  \'https://connect.facebook.net/en_US/fbevents.js\');\n  fbq(\'init\', \'273433113812034\');\n  fbq(\'track\', \'PageView\');\n</script>\n<noscript><img height=\"1\" width=\"1\" style=\"display:none\"\n  src=\"https://www.facebook.com/tr?id=273433113812034&ev=PageView&noscript=1\"\n/></noscript>\n<!-- End Facebook Pixel Code -->',291,9,0),(130,'2020-05-26 06:08:46.960256','2020-05-26 06:08:46.964048',1,'<script type=\"text/javascript\" src=\"https://s9.cnzz.com/z_stat.php?id=1278936292&web_id=1278936292\"></script>','<!-- Facebook Pixel Code -->\n<script>\n  !function(f,b,e,v,n,t,s)\n  {if(f.fbq)return;n=f.fbq=function(){n.callMethod?\n  n.callMethod.apply(n,arguments):n.queue.push(arguments)};\n  if(!f._fbq)f._fbq=n;n.push=n;n.loaded=!0;n.version=\'2.0\';\n  n.queue=[];t=b.createElement(e);t.async=!0;\n  t.src=v;s=b.getElementsByTagName(e)[0];\n  s.parentNode.insertBefore(t,s)}(window, document,\'script\',\n  \'https://connect.facebook.net/en_US/fbevents.js\');\n  fbq(\'init\', \'557336618308444\');\n  fbq(\'track\', \'PageView\');\n</script>\n<noscript><img height=\"1\" width=\"1\" style=\"display:none\"\n  src=\"https://www.facebook.com/tr?id=557336618308444&ev=PageView&noscript=1\"\n/></noscript>\n<!-- End Facebook Pixel Code -->',264,9,1);
/*!40000 ALTER TABLE `module_website_domainconfig` ENABLE KEYS */;
UNLOCK TABLES;

--
-- Table structure for table `module_website_domaincontact`
--

DROP TABLE IF EXISTS `module_website_domaincontact`;
/*!40101 SET @saved_cs_client     = @@character_set_client */;
/*!40101 SET character_set_client = utf8 */;
CREATE TABLE `module_website_domaincontact` (
  `id` int(11) NOT NULL AUTO_INCREMENT,
  `created` datetime(6) NOT NULL,
  `modified` datetime(6) NOT NULL,
  `status` varchar(255) NOT NULL,
  `module_info` varchar(255) NOT NULL,
  `company_name` varchar(255) NOT NULL,
  `contact` varchar(255) NOT NULL,
  `email` varchar(255) NOT NULL,
  `country_code` varchar(255) NOT NULL,
  `province` varchar(255) NOT NULL,
  `city` varchar(255) NOT NULL,
  `address` varchar(255) NOT NULL,
  `postman` varchar(12) NOT NULL,
  `phone` varchar(16) NOT NULL,
  PRIMARY KEY (`id`)
) ENGINE=MyISAM DEFAULT CHARSET=utf8;
/*!40101 SET character_set_client = @saved_cs_client */;

--
-- Dumping data for table `module_website_domaincontact`
--

LOCK TABLES `module_website_domaincontact` WRITE;
/*!40000 ALTER TABLE `module_website_domaincontact` DISABLE KEYS */;
/*!40000 ALTER TABLE `module_website_domaincontact` ENABLE KEYS */;
UNLOCK TABLES;

--
-- Table structure for table `module_website_floorpage`
--

DROP TABLE IF EXISTS `module_website_floorpage`;
/*!40101 SET @saved_cs_client     = @@character_set_client */;
/*!40101 SET character_set_client = utf8 */;
CREATE TABLE `module_website_floorpage` (
  `id` int(11) NOT NULL AUTO_INCREMENT,
  `created` datetime(6) NOT NULL,
  `modified` datetime(6) NOT NULL,
  `name` varchar(255) NOT NULL,
  `link` varchar(255) NOT NULL,
  `language` varchar(255) NOT NULL,
  PRIMARY KEY (`id`)
) ENGINE=MyISAM AUTO_INCREMENT=20 DEFAULT CHARSET=utf8;
/*!40101 SET character_set_client = @saved_cs_client */;

--
-- Dumping data for table `module_website_floorpage`
--

LOCK TABLES `module_website_floorpage` WRITE;
/*!40000 ALTER TABLE `module_website_floorpage` DISABLE KEYS */;
INSERT INTO `module_website_floorpage` VALUES (14,'2020-05-12 06:24:16.132947','2020-05-12 06:24:16.132947','TW-02','corto.qiandaijiab.com','中文简体'),(13,'2020-05-12 06:24:05.568570','2020-05-12 06:24:05.568570','TW-01','antio.ddaeggal.com','中文简体'),(12,'2020-05-12 06:23:54.146176','2020-05-12 06:23:54.146176','XM-05','ferou.dongying7.com','中文简体'),(11,'2020-05-12 06:21:50.533129','2020-05-12 06:21:50.533129','XM-04','eriut.chinaxpower.com','中文简体'),(10,'2020-05-09 07:06:44.725478','2020-05-09 07:06:44.725478','XM-03','datur.aboutnaicom.com','中文简体'),(9,'2020-05-09 07:06:23.039182','2020-05-09 07:06:23.039182','XM-02','catac.qiandaijiab.com','中文简体'),(8,'2020-05-09 07:06:07.188016','2020-05-09 07:06:07.188016','XM-01','borti.ddaeggal.com','中文简体'),(15,'2020-05-12 06:24:30.549261','2020-05-12 06:24:30.549261','TW-03','diark.aboutnaicom.com','中文简体'),(16,'2020-05-12 06:24:41.478766','2020-05-12 06:24:41.478766','TW-04','eariu.chinaxpower.com','中文简体'),(17,'2020-05-12 06:24:52.022480','2020-05-12 06:24:52.022480','TW-05','fiuot.dongying7.com','中文简体'),(18,'2020-05-15 08:05:51.615613','2020-05-15 08:05:51.615662','XM-06','aetui.qiandaijiab.com','中文简体'),(19,'2020-05-15 08:06:06.452148','2020-05-15 08:06:06.452194','TW-06','uitia.aboutnaicom.com','中文简体');
/*!40000 ALTER TABLE `module_website_floorpage` ENABLE KEYS */;
UNLOCK TABLES;

--
-- Table structure for table `module_website_statistics`
--

DROP TABLE IF EXISTS `module_website_statistics`;
/*!40101 SET @saved_cs_client     = @@character_set_client */;
/*!40101 SET character_set_client = utf8 */;
CREATE TABLE `module_website_statistics` (
  `id` int(11) NOT NULL AUTO_INCREMENT,
  `created` datetime(6) NOT NULL,
  `modified` datetime(6) NOT NULL,
  `name` varchar(255) NOT NULL,
  `code` longtext NOT NULL,
  PRIMARY KEY (`id`)
) ENGINE=MyISAM DEFAULT CHARSET=utf8;
/*!40101 SET character_set_client = @saved_cs_client */;

--
-- Dumping data for table `module_website_statistics`
--

LOCK TABLES `module_website_statistics` WRITE;
/*!40000 ALTER TABLE `module_website_statistics` DISABLE KEYS */;
/*!40000 ALTER TABLE `module_website_statistics` ENABLE KEYS */;
UNLOCK TABLES;

--
-- Table structure for table `module_website_websiteserver`
--

DROP TABLE IF EXISTS `module_website_websiteserver`;
/*!40101 SET @saved_cs_client     = @@character_set_client */;
/*!40101 SET character_set_client = utf8 */;
CREATE TABLE `module_website_websiteserver` (
  `id` int(11) NOT NULL AUTO_INCREMENT,
  `created` datetime(6) NOT NULL,
  `modified` datetime(6) NOT NULL,
  `ip` char(39) NOT NULL,
  `ssh_account` varchar(255) NOT NULL,
  `ssh_password` varchar(255) NOT NULL,
  `ssh_port` int(11) NOT NULL,
  `local_host` varchar(255) DEFAULT NULL,
  `server_tag` varchar(255) DEFAULT NULL,
  `www_root` varchar(255) DEFAULT NULL,
  PRIMARY KEY (`id`)
) ENGINE=MyISAM AUTO_INCREMENT=2 DEFAULT CHARSET=utf8;
/*!40101 SET character_set_client = @saved_cs_client */;

--
-- Dumping data for table `module_website_websiteserver`
--

LOCK TABLES `module_website_websiteserver` WRITE;
/*!40000 ALTER TABLE `module_website_websiteserver` DISABLE KEYS */;
INSERT INTO `module_website_websiteserver` VALUES (1,'2020-05-08 01:32:58.955705','2020-05-15 06:41:44.862774','47.241.128.107','root','B9KaW%xYvTn$2Mm&',22,'172.21.133.21','新加坡-阿里云','/www/wwwroot');
/*!40000 ALTER TABLE `module_website_websiteserver` ENABLE KEYS */;
UNLOCK TABLES;
/*!40103 SET TIME_ZONE=@OLD_TIME_ZONE */;

/*!40101 SET SQL_MODE=@OLD_SQL_MODE */;
/*!40014 SET FOREIGN_KEY_CHECKS=@OLD_FOREIGN_KEY_CHECKS */;
/*!40014 SET UNIQUE_CHECKS=@OLD_UNIQUE_CHECKS */;
/*!40101 SET CHARACTER_SET_CLIENT=@OLD_CHARACTER_SET_CLIENT */;
/*!40101 SET CHARACTER_SET_RESULTS=@OLD_CHARACTER_SET_RESULTS */;
/*!40101 SET COLLATION_CONNECTION=@OLD_COLLATION_CONNECTION */;
/*!40111 SET SQL_NOTES=@OLD_SQL_NOTES */;

-- Dump completed on 2020-05-26 15:21:19
